clone_code_id,base_code_id,task,clone_language,similarity_score,domain,subdomain,clone_type,clone_sub_type
z4tt_1_1,z4tt,100 doors,python,0.9999999,Game Development,Puzzles,T1,Identical Clone
z4tt_1_2,z4tt,100 doors,python,0.99421495,Game Development,Puzzles,T1,Different Whitespaces
z4tt_1_3,z4tt,100 doors,python,0.9989105,Game Development,Puzzles,T1,Different Comments
z4tt_1_4,z4tt,100 doors,python,0.9992467,Game Development,Puzzles,T1,Different Formatting
z4tt_2_1,z4tt,100 doors,python,0.9967172,Game Development,Puzzles,T2,Different Variable Names
z4tt_2_2,z4tt,100 doors,python,0.99561214,Game Development,Puzzles,T2,Different Data Types
z4tt_2_3,z4tt,100 doors,python,0.9999999,Game Development,Puzzles,T2,Different Function Names
z4tt_3_1,z4tt,100 doors,python,0.99774337,Game Development,Puzzles,T3,Added Statements
z4tt_3_2,z4tt,100 doors,python,0.99937063,Game Development,Puzzles,T3,Removed Statements
z4tt_3_3,z4tt,100 doors,python,0.9989429,Game Development,Puzzles,T3,Reordered Statements
z4tt_3_4,z4tt,100 doors,python,0.99624956,Game Development,Puzzles,T3,Control Flow Modifications
z4tt_4_1,z4tt,100 doors,python,0.99736947,Game Development,Puzzles,T4,Same Language
z4tt_4_2,z4tt,100 doors,go,0.94561076,Game Development,Puzzles,T4,Different Language
z4tt_4_2,z4tt,100 doors,java,0.94147605,Game Development,Puzzles,T4,Different Language
z4tt_4_2,z4tt,100 doors,javascript,0.9798317,Game Development,Puzzles,T4,Different Language
z4tt_4_2,z4tt,100 doors,php,0.97955364,Game Development,Puzzles,T4,Different Language
z4tt_4_2,z4tt,100 doors,ruby,0.9837183,Game Development,Puzzles,T4,Different Language
vu129_1_1,vu129,100 prisoners,python,1.0,Game Development,Puzzles,T1,Identical Clone
vu129_1_2,vu129,100 prisoners,python,0.967666,Game Development,Puzzles,T1,Different Whitespaces
vu129_1_3,vu129,100 prisoners,python,1.0,Game Development,Puzzles,T1,Different Comments
vu129_1_4,vu129,100 prisoners,python,0.9997015,Game Development,Puzzles,T1,Different Formatting
vu129_2_1,vu129,100 prisoners,python,0.99939424,Game Development,Puzzles,T2,Different Variable Names
vu129_2_2,vu129,100 prisoners,python,0.9980772,Game Development,Puzzles,T2,Different Data Types
vu129_2_3,vu129,100 prisoners,python,0.99997985,Game Development,Puzzles,T2,Different Function Names
vu129_3_1,vu129,100 prisoners,python,1.0,Game Development,Puzzles,T3,Added Statements
vu129_3_2,vu129,100 prisoners,python,0.99912584,Game Development,Puzzles,T3,Removed Statements
vu129_3_3,vu129,100 prisoners,python,0.99952173,Game Development,Puzzles,T3,Reordered Statements
vu129_3_4,vu129,100 prisoners,python,0.9991868,Game Development,Puzzles,T3,Control Flow Modifications
vu129_4_1,vu129,100 prisoners,python,0.99393666,Game Development,Puzzles,T4,Same Language
vu129_4_2,vu129,100 prisoners,go,0.89827013,Game Development,Puzzles,T4,Different Language
vu129_4_2,vu129,100 prisoners,java,0.98181593,Game Development,Puzzles,T4,Different Language
vu129_4_2,vu129,100 prisoners,javascript,0.87611127,Game Development,Puzzles,T4,Different Language
vu129_4_2,vu129,100 prisoners,ruby,0.93932503,Game Development,Puzzles,T4,Different Language
clr9q_1_1,clr9q,15 puzzle game,python,1.0,Game Development,Puzzles,T1,Identical Clone
clr9q_1_2,clr9q,15 puzzle game,python,0.9861154,Game Development,Puzzles,T1,Different Whitespaces
clr9q_1_3,clr9q,15 puzzle game,python,0.9997115,Game Development,Puzzles,T1,Different Comments
clr9q_1_4,clr9q,15 puzzle game,python,0.9998832,Game Development,Puzzles,T1,Different Formatting
clr9q_2_1,clr9q,15 puzzle game,python,0.99919367,Game Development,Puzzles,T2,Different Variable Names
clr9q_2_2,clr9q,15 puzzle game,python,0.99971926,Game Development,Puzzles,T2,Different Data Types
clr9q_2_3,clr9q,15 puzzle game,python,0.99939156,Game Development,Puzzles,T2,Different Function Names
clr9q_3_1,clr9q,15 puzzle game,python,0.99970347,Game Development,Puzzles,T3,Added Statements
clr9q_3_2,clr9q,15 puzzle game,python,0.99545956,Game Development,Puzzles,T3,Removed Statements
clr9q_3_3,clr9q,15 puzzle game,python,0.99038434,Game Development,Puzzles,T3,Reordered Statements
clr9q_3_4,clr9q,15 puzzle game,python,0.99418676,Game Development,Puzzles,T3,Control Flow Modifications
clr9q_4_1,clr9q,15 puzzle game,python,0.993813,Game Development,Puzzles,T4,Same Language
clr9q_4_2,clr9q,15 puzzle game,go,0.93409806,Game Development,Puzzles,T4,Different Language
clr9q_4_2,clr9q,15 puzzle game,java,0.97947675,Game Development,Puzzles,T4,Different Language
clr9q_4_2,clr9q,15 puzzle game,javascript,0.98748034,Game Development,Puzzles,T4,Different Language
clr9q_4_2,clr9q,15 puzzle game,php,0.9804567,Game Development,Puzzles,T4,Different Language
clr9q_4_2,clr9q,15 puzzle game,ruby,0.97744185,Game Development,Puzzles,T4,Different Language
inmof_1_1,inmof,2048,python,1.0,Game Development,Puzzles,T1,Identical Clone
inmof_1_2,inmof,2048,python,0.99973714,Game Development,Puzzles,T1,Different Whitespaces
inmof_1_3,inmof,2048,python,1.0,Game Development,Puzzles,T1,Different Comments
inmof_1_4,inmof,2048,python,0.9828172,Game Development,Puzzles,T1,Different Formatting
inmof_2_1,inmof,2048,python,0.9998095,Game Development,Puzzles,T2,Different Variable Names
inmof_2_2,inmof,2048,python,0.9998995,Game Development,Puzzles,T2,Different Data Types
inmof_2_3,inmof,2048,python,0.9999564,Game Development,Puzzles,T2,Different Function Names
inmof_3_1,inmof,2048,python,0.99951524,Game Development,Puzzles,T3,Added Statements
inmof_3_2,inmof,2048,python,0.9991116,Game Development,Puzzles,T3,Removed Statements
inmof_3_3,inmof,2048,python,0.99992514,Game Development,Puzzles,T3,Reordered Statements
inmof_3_4,inmof,2048,python,0.9997749,Game Development,Puzzles,T3,Control Flow Modifications
inmof_4_1,inmof,2048,python,0.98418707,Game Development,Puzzles,T4,Same Language
inmof_4_2,inmof,2048,go,0.96517235,Game Development,Puzzles,T4,Different Language
inmof_4_2,inmof,2048,java,0.97538686,Game Development,Puzzles,T4,Different Language
inmof_4_2,inmof,2048,javascript,0.9869075,Game Development,Puzzles,T4,Different Language
inmof_4_2,inmof,2048,php,0.98858404,Game Development,Puzzles,T4,Different Language
inmof_4_2,inmof,2048,ruby,0.9801808,Game Development,Puzzles,T4,Different Language
s0lq9_1_1,s0lq9,21 game,python,0.99999994,Game Development,Card Games,T1,Identical Clone
s0lq9_1_2,s0lq9,21 game,python,0.9664376,Game Development,Card Games,T1,Different Whitespaces
s0lq9_1_3,s0lq9,21 game,python,0.9991335,Game Development,Card Games,T1,Different Comments
s0lq9_1_4,s0lq9,21 game,python,0.97197855,Game Development,Card Games,T1,Different Formatting
s0lq9_2_1,s0lq9,21 game,python,0.9984971,Game Development,Card Games,T2,Different Variable Names
s0lq9_2_2,s0lq9,21 game,python,0.99906254,Game Development,Card Games,T2,Different Data Types
s0lq9_2_3,s0lq9,21 game,python,0.9990598,Game Development,Card Games,T2,Different Function Names
s0lq9_3_1,s0lq9,21 game,python,0.9987271,Game Development,Card Games,T3,Added Statements
s0lq9_3_2,s0lq9,21 game,python,0.99256754,Game Development,Card Games,T3,Removed Statements
s0lq9_3_3,s0lq9,21 game,python,0.9990148,Game Development,Card Games,T3,Reordered Statements
s0lq9_3_4,s0lq9,21 game,python,0.99927044,Game Development,Card Games,T3,Control Flow Modifications
s0lq9_4_1,s0lq9,21 game,python,0.9665606,Game Development,Card Games,T4,Same Language
s0lq9_4_2,s0lq9,21 game,go,0.9581008,Game Development,Card Games,T4,Different Language
s0lq9_4_2,s0lq9,21 game,java,0.9605645,Game Development,Card Games,T4,Different Language
s0lq9_4_2,s0lq9,21 game,javascript,0.96996427,Game Development,Card Games,T4,Different Language
s0lq9_4_2,s0lq9,21 game,php,0.97247493,Game Development,Card Games,T4,Different Language
s0lq9_4_2,s0lq9,21 game,ruby,0.9826535,Game Development,Card Games,T4,Different Language
u5evd_1_1,u5evd,24 game,python,1.0,Game Development,Puzzles,T1,Identical Clone
u5evd_1_2,u5evd,24 game,python,0.9900036,Game Development,Puzzles,T1,Different Whitespaces
u5evd_1_3,u5evd,24 game,python,0.9905653,Game Development,Puzzles,T1,Different Comments
u5evd_1_4,u5evd,24 game,python,0.9912795,Game Development,Puzzles,T1,Different Formatting
u5evd_2_1,u5evd,24 game,python,0.9909433,Game Development,Puzzles,T2,Different Variable Names
u5evd_2_2,u5evd,24 game,python,0.9909897,Game Development,Puzzles,T2,Different Data Types
u5evd_2_3,u5evd,24 game,python,0.99088115,Game Development,Puzzles,T2,Different Function Names
u5evd_3_1,u5evd,24 game,python,0.99156034,Game Development,Puzzles,T3,Added Statements
u5evd_3_2,u5evd,24 game,python,0.99137783,Game Development,Puzzles,T3,Removed Statements
u5evd_3_3,u5evd,24 game,python,0.991694,Game Development,Puzzles,T3,Reordered Statements
u5evd_3_4,u5evd,24 game,python,0.98908395,Game Development,Puzzles,T3,Control Flow Modifications
u5evd_4_1,u5evd,24 game,python,0.9894231,Game Development,Puzzles,T4,Same Language
u5evd_4_2,u5evd,24 game,go,0.9809364,Game Development,Puzzles,T4,Different Language
u5evd_4_2,u5evd,24 game,java,0.97199917,Game Development,Puzzles,T4,Different Language
u5evd_4_2,u5evd,24 game,javascript,0.92949337,Game Development,Puzzles,T4,Different Language
u5evd_4_2,u5evd,24 game,php,0.9879724,Game Development,Puzzles,T4,Different Language
u5evd_4_2,u5evd,24 game,ruby,0.9873389,Game Development,Puzzles,T4,Different Language
r70gq_1_1,r70gq,24 game/Solve,python,1.0000001,Game Development,Puzzles,T1,Identical Clone
r70gq_1_2,r70gq,24 game/Solve,python,0.99441004,Game Development,Puzzles,T1,Different Whitespaces
r70gq_1_3,r70gq,24 game/Solve,python,0.99243516,Game Development,Puzzles,T1,Different Comments
r70gq_1_4,r70gq,24 game/Solve,python,0.9907819,Game Development,Puzzles,T1,Different Formatting
r70gq_2_1,r70gq,24 game/Solve,python,0.9999237,Game Development,Puzzles,T2,Different Variable Names
r70gq_2_2,r70gq,24 game/Solve,python,0.9901319,Game Development,Puzzles,T2,Different Data Types
r70gq_2_3,r70gq,24 game/Solve,python,0.99265194,Game Development,Puzzles,T2,Different Function Names
r70gq_3_1,r70gq,24 game/Solve,python,0.99005157,Game Development,Puzzles,T3,Added Statements
r70gq_3_2,r70gq,24 game/Solve,python,0.98742616,Game Development,Puzzles,T3,Removed Statements
r70gq_3_3,r70gq,24 game/Solve,python,0.99284893,Game Development,Puzzles,T3,Reordered Statements
r70gq_3_4,r70gq,24 game/Solve,python,0.9897475,Game Development,Puzzles,T3,Control Flow Modifications
r70gq_4_1,r70gq,24 game/Solve,python,0.9890642,Game Development,Puzzles,T4,Same Language
r70gq_4_2,r70gq,24 game/Solve,go,0.93694264,Game Development,Puzzles,T4,Different Language
r70gq_4_2,r70gq,24 game/Solve,java,0.9554306,Game Development,Puzzles,T4,Different Language
r70gq_4_2,r70gq,24 game/Solve,javascript,0.9821471,Game Development,Puzzles,T4,Different Language
r70gq_4_2,r70gq,24 game/Solve,ruby,0.9842416,Game Development,Puzzles,T4,Different Language
1a6pc_1_1,1a6pc,4-rings or 4-squares puzzle,python,1.0,Game Development,Puzzles,T1,Identical Clone
1a6pc_1_2,1a6pc,4-rings or 4-squares puzzle,python,0.9713721,Game Development,Puzzles,T1,Different Whitespaces
1a6pc_1_3,1a6pc,4-rings or 4-squares puzzle,python,0.9987578,Game Development,Puzzles,T1,Different Comments
1a6pc_1_4,1a6pc,4-rings or 4-squares puzzle,python,0.9985424,Game Development,Puzzles,T1,Different Formatting
1a6pc_2_1,1a6pc,4-rings or 4-squares puzzle,python,0.9975833,Game Development,Puzzles,T2,Different Variable Names
1a6pc_2_2,1a6pc,4-rings or 4-squares puzzle,python,0.9942861,Game Development,Puzzles,T2,Different Data Types
1a6pc_2_3,1a6pc,4-rings or 4-squares puzzle,python,0.9994718,Game Development,Puzzles,T2,Different Function Names
1a6pc_3_1,1a6pc,4-rings or 4-squares puzzle,python,0.9956758,Game Development,Puzzles,T3,Added Statements
1a6pc_3_2,1a6pc,4-rings or 4-squares puzzle,python,0.9941936,Game Development,Puzzles,T3,Removed Statements
1a6pc_3_3,1a6pc,4-rings or 4-squares puzzle,python,0.99919355,Game Development,Puzzles,T3,Reordered Statements
1a6pc_3_4,1a6pc,4-rings or 4-squares puzzle,python,0.9975959,Game Development,Puzzles,T3,Control Flow Modifications
1a6pc_4_1,1a6pc,4-rings or 4-squares puzzle,python,0.9944097,Game Development,Puzzles,T4,Same Language
1a6pc_4_2,1a6pc,4-rings or 4-squares puzzle,go,0.9170016,Game Development,Puzzles,T4,Different Language
1a6pc_4_2,1a6pc,4-rings or 4-squares puzzle,java,0.98185813,Game Development,Puzzles,T4,Different Language
1a6pc_4_2,1a6pc,4-rings or 4-squares puzzle,javascript,0.7753124,Game Development,Puzzles,T4,Different Language
1a6pc_4_2,1a6pc,4-rings or 4-squares puzzle,ruby,0.9676674,Game Development,Puzzles,T4,Different Language
36bzc_1_1,36bzc,9 billion names of God the integer,python,0.9999999,Mathematics,Number Theory,T1,Identical Clone
36bzc_1_2,36bzc,9 billion names of God the integer,python,0.99343294,Mathematics,Number Theory,T1,Different Whitespaces
36bzc_1_3,36bzc,9 billion names of God the integer,python,0.9999701,Mathematics,Number Theory,T1,Different Comments
36bzc_1_4,36bzc,9 billion names of God the integer,python,0.9970044,Mathematics,Number Theory,T1,Different Formatting
36bzc_2_1,36bzc,9 billion names of God the integer,python,0.9994504,Mathematics,Number Theory,T2,Different Variable Names
36bzc_2_2,36bzc,9 billion names of God the integer,python,0.99619925,Mathematics,Number Theory,T2,Different Data Types
36bzc_2_3,36bzc,9 billion names of God the integer,python,0.9998325,Mathematics,Number Theory,T2,Different Function Names
36bzc_3_1,36bzc,9 billion names of God the integer,python,0.9996916,Mathematics,Number Theory,T3,Added Statements
36bzc_3_2,36bzc,9 billion names of God the integer,python,0.9996495,Mathematics,Number Theory,T3,Removed Statements
36bzc_3_3,36bzc,9 billion names of God the integer,python,0.9995847,Mathematics,Number Theory,T3,Reordered Statements
36bzc_3_4,36bzc,9 billion names of God the integer,python,0.9994261,Mathematics,Number Theory,T3,Control Flow Modifications
36bzc_4_1,36bzc,9 billion names of God the integer,python,0.99839413,Mathematics,Number Theory,T4,Same Language
36bzc_4_2,36bzc,9 billion names of God the integer,go,0.9549581,Mathematics,Number Theory,T4,Different Language
36bzc_4_2,36bzc,9 billion names of God the integer,java,0.9691613,Mathematics,Number Theory,T4,Different Language
36bzc_4_2,36bzc,9 billion names of God the integer,javascript,0.9392995,Mathematics,Number Theory,T4,Different Language
36bzc_4_2,36bzc,9 billion names of God the integer,ruby,0.9684509,Mathematics,Number Theory,T4,Different Language
jhq7p_1_1,jhq7p,A+B,python,0.99999994,Mathematics,Arithmetic,T1,Identical Clone
jhq7p_1_2,jhq7p,A+B,python,0.9985199,Mathematics,Arithmetic,T1,Different Whitespaces
jhq7p_1_3,jhq7p,A+B,python,0.9951852,Mathematics,Arithmetic,T1,Different Comments
jhq7p_1_4,jhq7p,A+B,python,0.99016356,Mathematics,Arithmetic,T1,Different Formatting
jhq7p_2_1,jhq7p,A+B,python,0.9959133,Mathematics,Arithmetic,T2,Different Variable Names
jhq7p_2_2,jhq7p,A+B,python,0.99515754,Mathematics,Arithmetic,T2,Different Data Types
jhq7p_2_3,jhq7p,A+B,python,0.99864966,Mathematics,Arithmetic,T2,Different Function Names
jhq7p_3_1,jhq7p,A+B,python,0.9938504,Mathematics,Arithmetic,T3,Added Statements
jhq7p_3_2,jhq7p,A+B,python,0.99526715,Mathematics,Arithmetic,T3,Removed Statements
jhq7p_3_3,jhq7p,A+B,python,0.9888539,Mathematics,Arithmetic,T3,Reordered Statements
jhq7p_3_4,jhq7p,A+B,python,0.98889554,Mathematics,Arithmetic,T3,Control Flow Modifications
jhq7p_4_1,jhq7p,A+B,python,0.98629224,Mathematics,Arithmetic,T4,Same Language
jhq7p_4_2,jhq7p,A+B,go,0.9564821,Mathematics,Arithmetic,T4,Different Language
jhq7p_4_2,jhq7p,A+B,java,0.9716488,Mathematics,Arithmetic,T4,Different Language
jhq7p_4_2,jhq7p,A+B,javascript,0.9538597,Mathematics,Arithmetic,T4,Different Language
jhq7p_4_2,jhq7p,A+B,php,0.97765774,Mathematics,Arithmetic,T4,Different Language
jhq7p_4_2,jhq7p,A+B,ruby,0.9737655,Mathematics,Arithmetic,T4,Different Language
z37tt_1_1,z37tt,ABC problem,python,1.0000001,Mathematics,Number Theory,T1,Identical Clone
z37tt_1_2,z37tt,ABC problem,python,0.99568987,Mathematics,Number Theory,T1,Different Whitespaces
z37tt_1_3,z37tt,ABC problem,python,0.99860966,Mathematics,Number Theory,T1,Different Comments
z37tt_1_4,z37tt,ABC problem,python,0.9889039,Mathematics,Number Theory,T1,Different Formatting
z37tt_2_1,z37tt,ABC problem,python,0.99882495,Mathematics,Number Theory,T2,Different Variable Names
z37tt_2_2,z37tt,ABC problem,python,0.99144053,Mathematics,Number Theory,T2,Different Data Types
z37tt_2_3,z37tt,ABC problem,python,0.99871886,Mathematics,Number Theory,T2,Different Function Names
z37tt_3_1,z37tt,ABC problem,python,0.9882967,Mathematics,Number Theory,T3,Added Statements
z37tt_3_2,z37tt,ABC problem,python,0.9685534,Mathematics,Number Theory,T3,Removed Statements
z37tt_3_3,z37tt,ABC problem,python,0.99886364,Mathematics,Number Theory,T3,Reordered Statements
z37tt_3_4,z37tt,ABC problem,python,0.9980175,Mathematics,Number Theory,T3,Control Flow Modifications
z37tt_4_1,z37tt,ABC problem,python,0.9917034,Mathematics,Number Theory,T4,Same Language
z37tt_4_2,z37tt,ABC problem,go,0.90928495,Mathematics,Number Theory,T4,Different Language
z37tt_4_2,z37tt,ABC problem,java,0.97421,Mathematics,Number Theory,T4,Different Language
z37tt_4_2,z37tt,ABC problem,javascript,0.86591566,Mathematics,Number Theory,T4,Different Language
z37tt_4_2,z37tt,ABC problem,php,0.9749963,Mathematics,Number Theory,T4,Different Language
z37tt_4_2,z37tt,ABC problem,ruby,0.8609434,Mathematics,Number Theory,T4,Different Language
8i80o_1_1,8i80o,AKS test for primes,python,1.0,Mathematics,Number Theory,T1,Identical Clone
8i80o_1_2,8i80o,AKS test for primes,python,0.9818496,Mathematics,Number Theory,T1,Different Whitespaces
8i80o_1_3,8i80o,AKS test for primes,python,0.9996415,Mathematics,Number Theory,T1,Different Comments
8i80o_1_4,8i80o,AKS test for primes,python,0.9987548,Mathematics,Number Theory,T1,Different Formatting
8i80o_2_1,8i80o,AKS test for primes,python,0.99922323,Mathematics,Number Theory,T2,Different Variable Names
8i80o_2_2,8i80o,AKS test for primes,python,0.9989888,Mathematics,Number Theory,T2,Different Data Types
8i80o_2_3,8i80o,AKS test for primes,python,0.99972665,Mathematics,Number Theory,T2,Different Function Names
8i80o_3_1,8i80o,AKS test for primes,python,0.99822474,Mathematics,Number Theory,T3,Added Statements
8i80o_3_2,8i80o,AKS test for primes,python,0.9908265,Mathematics,Number Theory,T3,Removed Statements
8i80o_3_3,8i80o,AKS test for primes,python,0.99817777,Mathematics,Number Theory,T3,Reordered Statements
8i80o_3_4,8i80o,AKS test for primes,python,0.99583924,Mathematics,Number Theory,T3,Control Flow Modifications
8i80o_4_1,8i80o,AKS test for primes,python,0.9960984,Mathematics,Number Theory,T4,Same Language
8i80o_4_2,8i80o,AKS test for primes,go,0.9174349,Mathematics,Number Theory,T4,Different Language
8i80o_4_2,8i80o,AKS test for primes,java,0.9457565,Mathematics,Number Theory,T4,Different Language
8i80o_4_2,8i80o,AKS test for primes,javascript,0.9505986,Mathematics,Number Theory,T4,Different Language
8i80o_4_2,8i80o,AKS test for primes,ruby,0.9682727,Mathematics,Number Theory,T4,Different Language
5cux_1_1,5cux,ASCII art diagram converter,python,0.9999999,Programming Concepts,Text Processing,T1,Identical Clone
5cux_1_2,5cux,ASCII art diagram converter,python,0.97397196,Programming Concepts,Text Processing,T1,Different Whitespaces
5cux_1_3,5cux,ASCII art diagram converter,python,0.99928284,Programming Concepts,Text Processing,T1,Different Comments
5cux_1_4,5cux,ASCII art diagram converter,python,0.99886507,Programming Concepts,Text Processing,T1,Different Formatting
5cux_2_1,5cux,ASCII art diagram converter,python,0.997834,Programming Concepts,Text Processing,T2,Different Variable Names
5cux_2_2,5cux,ASCII art diagram converter,python,0.99928284,Programming Concepts,Text Processing,T2,Different Data Types
5cux_2_3,5cux,ASCII art diagram converter,python,0.99937516,Programming Concepts,Text Processing,T2,Different Function Names
5cux_3_1,5cux,ASCII art diagram converter,python,0.9982317,Programming Concepts,Text Processing,T3,Added Statements
5cux_3_2,5cux,ASCII art diagram converter,python,0.9975289,Programming Concepts,Text Processing,T3,Removed Statements
5cux_3_3,5cux,ASCII art diagram converter,python,0.9990274,Programming Concepts,Text Processing,T3,Reordered Statements
5cux_3_4,5cux,ASCII art diagram converter,python,0.99796754,Programming Concepts,Text Processing,T3,Control Flow Modifications
5cux_4_1,5cux,ASCII art diagram converter,python,0.99732137,Programming Concepts,Text Processing,T4,Same Language
5cux_4_2,5cux,ASCII art diagram converter,go,0.96242315,Programming Concepts,Text Processing,T4,Different Language
5cux_4_2,5cux,ASCII art diagram converter,java,0.97790885,Programming Concepts,Text Processing,T4,Different Language
5cux_4_2,5cux,ASCII art diagram converter,ruby,0.97202015,Programming Concepts,Text Processing,T4,Different Language
kb6hf_1_1,kb6hf,"Abbreviations, automatic",python,0.9999999,Programming Concepts,Text Processing,T1,Identical Clone
kb6hf_1_2,kb6hf,"Abbreviations, automatic",python,0.9764776,Programming Concepts,Text Processing,T1,Different Whitespaces
kb6hf_1_3,kb6hf,"Abbreviations, automatic",python,0.9999999,Programming Concepts,Text Processing,T1,Different Comments
kb6hf_1_4,kb6hf,"Abbreviations, automatic",python,0.9997447,Programming Concepts,Text Processing,T1,Different Formatting
kb6hf_2_1,kb6hf,"Abbreviations, automatic",python,0.99960345,Programming Concepts,Text Processing,T2,Different Variable Names
kb6hf_2_2,kb6hf,"Abbreviations, automatic",python,0.99857414,Programming Concepts,Text Processing,T2,Different Data Types
kb6hf_2_3,kb6hf,"Abbreviations, automatic",python,0.99839664,Programming Concepts,Text Processing,T2,Different Function Names
kb6hf_3_1,kb6hf,"Abbreviations, automatic",python,0.9995568,Programming Concepts,Text Processing,T3,Added Statements
kb6hf_3_2,kb6hf,"Abbreviations, automatic",python,0.9986846,Programming Concepts,Text Processing,T3,Removed Statements
kb6hf_3_3,kb6hf,"Abbreviations, automatic",python,0.99906904,Programming Concepts,Text Processing,T3,Reordered Statements
kb6hf_3_4,kb6hf,"Abbreviations, automatic",python,0.9991949,Programming Concepts,Text Processing,T3,Control Flow Modifications
kb6hf_4_1,kb6hf,"Abbreviations, automatic",python,0.99455214,Programming Concepts,Text Processing,T4,Same Language
kb6hf_4_2,kb6hf,"Abbreviations, automatic",go,0.9188791,Programming Concepts,Text Processing,T4,Different Language
kb6hf_4_2,kb6hf,"Abbreviations, automatic",java,0.9811239,Programming Concepts,Text Processing,T4,Different Language
kb6hf_4_2,kb6hf,"Abbreviations, automatic",javascript,0.95000666,Programming Concepts,Text Processing,T4,Different Language
kb6hf_4_2,kb6hf,"Abbreviations, automatic",ruby,0.88123006,Programming Concepts,Text Processing,T4,Different Language
2vilz_1_1,2vilz,"Abbreviations, easy",python,1.0,Programming Concepts,Text Processing,T1,Identical Clone
2vilz_1_2,2vilz,"Abbreviations, easy",python,0.9914551,Programming Concepts,Text Processing,T1,Different Whitespaces
2vilz_1_3,2vilz,"Abbreviations, easy",python,0.9996049,Programming Concepts,Text Processing,T1,Different Comments
2vilz_1_4,2vilz,"Abbreviations, easy",python,0.99142563,Programming Concepts,Text Processing,T1,Different Formatting
2vilz_2_1,2vilz,"Abbreviations, easy",python,0.9990939,Programming Concepts,Text Processing,T2,Different Variable Names
2vilz_2_2,2vilz,"Abbreviations, easy",python,0.9980941,Programming Concepts,Text Processing,T2,Different Data Types
2vilz_2_3,2vilz,"Abbreviations, easy",python,0.9992963,Programming Concepts,Text Processing,T2,Different Function Names
2vilz_3_1,2vilz,"Abbreviations, easy",python,0.9998753,Programming Concepts,Text Processing,T3,Added Statements
2vilz_3_2,2vilz,"Abbreviations, easy",python,0.99654144,Programming Concepts,Text Processing,T3,Removed Statements
2vilz_3_3,2vilz,"Abbreviations, easy",python,0.9086884,Programming Concepts,Text Processing,T3,Reordered Statements
2vilz_3_4,2vilz,"Abbreviations, easy",python,0.99918854,Programming Concepts,Text Processing,T3,Control Flow Modifications
2vilz_4_1,2vilz,"Abbreviations, easy",python,0.98358184,Programming Concepts,Text Processing,T4,Same Language
2vilz_4_2,2vilz,"Abbreviations, easy",go,0.94159925,Programming Concepts,Text Processing,T4,Different Language
2vilz_4_2,2vilz,"Abbreviations, easy",java,0.9620752,Programming Concepts,Text Processing,T4,Different Language
2vilz_4_2,2vilz,"Abbreviations, easy",javascript,0.95448804,Programming Concepts,Text Processing,T4,Different Language
2vilz_4_2,2vilz,"Abbreviations, easy",php,0.9487426,Programming Concepts,Text Processing,T4,Different Language
2vilz_4_2,2vilz,"Abbreviations, easy",ruby,0.91166794,Programming Concepts,Text Processing,T4,Different Language
oik81_1_1,oik81,"Abbreviations, simple",python,0.99999994,Programming Concepts,Text Processing,T1,Identical Clone
oik81_1_2,oik81,"Abbreviations, simple",python,0.97781205,Programming Concepts,Text Processing,T1,Different Whitespaces
oik81_1_3,oik81,"Abbreviations, simple",python,0.9999896,Programming Concepts,Text Processing,T1,Different Comments
oik81_1_4,oik81,"Abbreviations, simple",python,0.9287704,Programming Concepts,Text Processing,T1,Different Formatting
oik81_2_1,oik81,"Abbreviations, simple",python,0.9993819,Programming Concepts,Text Processing,T2,Different Variable Names
oik81_2_2,oik81,"Abbreviations, simple",python,0.9976593,Programming Concepts,Text Processing,T2,Different Data Types
oik81_2_3,oik81,"Abbreviations, simple",python,0.9999391,Programming Concepts,Text Processing,T2,Different Function Names
oik81_3_1,oik81,"Abbreviations, simple",python,0.9991952,Programming Concepts,Text Processing,T3,Added Statements
oik81_3_2,oik81,"Abbreviations, simple",python,0.90154725,Programming Concepts,Text Processing,T3,Removed Statements
oik81_3_3,oik81,"Abbreviations, simple",python,0.9154943,Programming Concepts,Text Processing,T3,Reordered Statements
oik81_3_4,oik81,"Abbreviations, simple",python,0.997944,Programming Concepts,Text Processing,T3,Control Flow Modifications
oik81_4_1,oik81,"Abbreviations, simple",python,0.9954254,Programming Concepts,Text Processing,T4,Same Language
oik81_4_2,oik81,"Abbreviations, simple",go,0.9060591,Programming Concepts,Text Processing,T4,Different Language
oik81_4_2,oik81,"Abbreviations, simple",java,0.9851891,Programming Concepts,Text Processing,T4,Different Language
oik81_4_2,oik81,"Abbreviations, simple",javascript,0.8586397,Programming Concepts,Text Processing,T4,Different Language
oik81_4_2,oik81,"Abbreviations, simple",ruby,0.9216121,Programming Concepts,Text Processing,T4,Different Language
08hsq_1_1,08hsq,Abelian sandpile model,python,1.0000001,Mathematics,Automata,T1,Identical Clone
08hsq_1_2,08hsq,Abelian sandpile model,python,0.9678681,Mathematics,Automata,T1,Different Whitespaces
08hsq_1_3,08hsq,Abelian sandpile model,python,0.99997425,Mathematics,Automata,T1,Different Comments
08hsq_1_4,08hsq,Abelian sandpile model,python,0.99976146,Mathematics,Automata,T1,Different Formatting
08hsq_2_1,08hsq,Abelian sandpile model,python,0.9989402,Mathematics,Automata,T2,Different Variable Names
08hsq_2_2,08hsq,Abelian sandpile model,python,0.9981635,Mathematics,Automata,T2,Different Data Types
08hsq_2_3,08hsq,Abelian sandpile model,python,0.9998479,Mathematics,Automata,T2,Different Function Names
08hsq_3_1,08hsq,Abelian sandpile model,python,0.998705,Mathematics,Automata,T3,Added Statements
08hsq_3_2,08hsq,Abelian sandpile model,python,0.9958103,Mathematics,Automata,T3,Removed Statements
08hsq_3_3,08hsq,Abelian sandpile model,python,0.9999523,Mathematics,Automata,T3,Reordered Statements
08hsq_3_4,08hsq,Abelian sandpile model,python,0.9971484,Mathematics,Automata,T3,Control Flow Modifications
08hsq_4_1,08hsq,Abelian sandpile model,python,0.9929085,Mathematics,Automata,T4,Same Language
08hsq_4_2,08hsq,Abelian sandpile model,go,0.8998258,Mathematics,Automata,T4,Different Language
08hsq_4_2,08hsq,Abelian sandpile model,java,0.98293424,Mathematics,Automata,T4,Different Language
7jzrm_1_1,7jzrm,Abelian sandpile model/Identity,python,1.0,Mathematics,Automata,T1,Identical Clone
7jzrm_1_2,7jzrm,Abelian sandpile model/Identity,python,0.9731685,Mathematics,Automata,T1,Different Whitespaces
7jzrm_1_3,7jzrm,Abelian sandpile model/Identity,python,1.0,Mathematics,Automata,T1,Different Comments
7jzrm_1_4,7jzrm,Abelian sandpile model/Identity,python,0.9965788,Mathematics,Automata,T1,Different Formatting
7jzrm_2_1,7jzrm,Abelian sandpile model/Identity,python,0.99932456,Mathematics,Automata,T2,Different Variable Names
7jzrm_2_2,7jzrm,Abelian sandpile model/Identity,python,0.9986601,Mathematics,Automata,T2,Different Data Types
7jzrm_2_3,7jzrm,Abelian sandpile model/Identity,python,0.9999579,Mathematics,Automata,T2,Different Function Names
7jzrm_3_1,7jzrm,Abelian sandpile model/Identity,python,0.99991584,Mathematics,Automata,T3,Added Statements
7jzrm_3_2,7jzrm,Abelian sandpile model/Identity,python,0.9953227,Mathematics,Automata,T3,Removed Statements
7jzrm_3_3,7jzrm,Abelian sandpile model/Identity,python,0.9992536,Mathematics,Automata,T3,Reordered Statements
7jzrm_3_4,7jzrm,Abelian sandpile model/Identity,python,0.9971982,Mathematics,Automata,T3,Control Flow Modifications
7jzrm_4_1,7jzrm,Abelian sandpile model/Identity,python,0.9942336,Mathematics,Automata,T4,Same Language
7jzrm_4_2,7jzrm,Abelian sandpile model/Identity,go,0.9173646,Mathematics,Automata,T4,Different Language
7jzrm_4_2,7jzrm,Abelian sandpile model/Identity,ruby,0.9742902,Mathematics,Automata,T4,Different Language
r7zgq_1_1,r7zgq,Abstract type,python,1.0000001,Programming Concepts,Data Structures,T1,Identical Clone
r7zgq_1_2,r7zgq,Abstract type,python,0.9750842,Programming Concepts,Data Structures,T1,Different Whitespaces
r7zgq_1_3,r7zgq,Abstract type,python,0.9991387,Programming Concepts,Data Structures,T1,Different Comments
r7zgq_1_4,r7zgq,Abstract type,python,0.99821997,Programming Concepts,Data Structures,T1,Different Formatting
r7zgq_2_1,r7zgq,Abstract type,python,0.9994984,Programming Concepts,Data Structures,T2,Different Variable Names
r7zgq_2_2,r7zgq,Abstract type,python,0.9944776,Programming Concepts,Data Structures,T2,Different Data Types
r7zgq_2_3,r7zgq,Abstract type,python,0.9998332,Programming Concepts,Data Structures,T2,Different Function Names
r7zgq_3_1,r7zgq,Abstract type,python,0.99929523,Programming Concepts,Data Structures,T3,Added Statements
r7zgq_3_2,r7zgq,Abstract type,python,0.9999489,Programming Concepts,Data Structures,T3,Removed Statements
r7zgq_3_3,r7zgq,Abstract type,python,0.99542654,Programming Concepts,Data Structures,T3,Reordered Statements
r7zgq_3_4,r7zgq,Abstract type,python,0.9899799,Programming Concepts,Data Structures,T3,Control Flow Modifications
r7zgq_4_1,r7zgq,Abstract type,python,0.99835443,Programming Concepts,Data Structures,T4,Same Language
r7zgq_4_2,r7zgq,Abstract type,go,0.9054421,Programming Concepts,Data Structures,T4,Different Language
r7zgq_4_2,r7zgq,Abstract type,java,0.96400213,Programming Concepts,Data Structures,T4,Different Language
r7zgq_4_2,r7zgq,Abstract type,php,0.9297261,Programming Concepts,Data Structures,T4,Different Language
r7zgq_4_2,r7zgq,Abstract type,ruby,0.9532155,Programming Concepts,Data Structures,T4,Different Language
grn4h_1_1,grn4h,Abundant odd numbers,python,1.0,Mathematics,Number Theory,T1,Identical Clone
grn4h_1_2,grn4h,Abundant odd numbers,python,0.97492087,Mathematics,Number Theory,T1,Different Whitespaces
grn4h_1_3,grn4h,Abundant odd numbers,python,0.9857348,Mathematics,Number Theory,T1,Different Comments
grn4h_1_4,grn4h,Abundant odd numbers,python,0.98530805,Mathematics,Number Theory,T1,Different Formatting
grn4h_2_1,grn4h,Abundant odd numbers,python,0.99944556,Mathematics,Number Theory,T2,Different Variable Names
grn4h_2_2,grn4h,Abundant odd numbers,python,0.9839517,Mathematics,Number Theory,T2,Different Data Types
grn4h_2_3,grn4h,Abundant odd numbers,python,0.9984119,Mathematics,Number Theory,T2,Different Function Names
grn4h_3_1,grn4h,Abundant odd numbers,python,0.98389894,Mathematics,Number Theory,T3,Added Statements
grn4h_3_2,grn4h,Abundant odd numbers,python,0.97678137,Mathematics,Number Theory,T3,Removed Statements
grn4h_3_3,grn4h,Abundant odd numbers,python,0.9850998,Mathematics,Number Theory,T3,Reordered Statements
grn4h_3_4,grn4h,Abundant odd numbers,python,0.9822439,Mathematics,Number Theory,T3,Control Flow Modifications
grn4h_4_1,grn4h,Abundant odd numbers,python,0.9856198,Mathematics,Number Theory,T4,Same Language
grn4h_4_2,grn4h,Abundant odd numbers,go,0.98788196,Mathematics,Number Theory,T4,Different Language
grn4h_4_2,grn4h,Abundant odd numbers,java,0.94195867,Mathematics,Number Theory,T4,Different Language
grn4h_4_2,grn4h,Abundant odd numbers,javascript,0.89711833,Mathematics,Number Theory,T4,Different Language
grn4h_4_2,grn4h,Abundant odd numbers,ruby,0.9556413,Mathematics,Number Theory,T4,Different Language
dfwn1_1_1,dfwn1,"Abundant, deficient and perfect number classifications",python,0.99999994,Mathematics,Number Theory,T1,Identical Clone
dfwn1_1_2,dfwn1,"Abundant, deficient and perfect number classifications",python,0.9974966,Mathematics,Number Theory,T1,Different Whitespaces
dfwn1_1_3,dfwn1,"Abundant, deficient and perfect number classifications",python,0.9962101,Mathematics,Number Theory,T1,Different Comments
dfwn1_1_4,dfwn1,"Abundant, deficient and perfect number classifications",python,0.9962101,Mathematics,Number Theory,T1,Different Formatting
dfwn1_2_1,dfwn1,"Abundant, deficient and perfect number classifications",python,0.9956156,Mathematics,Number Theory,T2,Different Variable Names
dfwn1_2_2,dfwn1,"Abundant, deficient and perfect number classifications",python,0.9909396,Mathematics,Number Theory,T2,Different Data Types
dfwn1_2_3,dfwn1,"Abundant, deficient and perfect number classifications",python,0.99804837,Mathematics,Number Theory,T2,Different Function Names
dfwn1_3_1,dfwn1,"Abundant, deficient and perfect number classifications",python,0.9902415,Mathematics,Number Theory,T3,Added Statements
dfwn1_3_2,dfwn1,"Abundant, deficient and perfect number classifications",python,0.99442613,Mathematics,Number Theory,T3,Removed Statements
dfwn1_3_3,dfwn1,"Abundant, deficient and perfect number classifications",python,0.9961882,Mathematics,Number Theory,T3,Reordered Statements
dfwn1_3_4,dfwn1,"Abundant, deficient and perfect number classifications",python,0.9930918,Mathematics,Number Theory,T3,Control Flow Modifications
dfwn1_4_1,dfwn1,"Abundant, deficient and perfect number classifications",python,0.99682087,Mathematics,Number Theory,T4,Same Language
dfwn1_4_2,dfwn1,"Abundant, deficient and perfect number classifications",go,0.9399232,Mathematics,Number Theory,T4,Different Language
dfwn1_4_2,dfwn1,"Abundant, deficient and perfect number classifications",java,0.9294342,Mathematics,Number Theory,T4,Different Language
dfwn1_4_2,dfwn1,"Abundant, deficient and perfect number classifications",javascript,0.98104036,Mathematics,Number Theory,T4,Different Language
dfwn1_4_2,dfwn1,"Abundant, deficient and perfect number classifications",ruby,0.9638965,Mathematics,Number Theory,T4,Different Language
p1gbm_1_1,p1gbm,Accumulator factory,python,1.0,Programming Concepts,Functional Programming,T1,Identical Clone
p1gbm_1_2,p1gbm,Accumulator factory,python,0.9908256,Programming Concepts,Functional Programming,T1,Different Whitespaces
p1gbm_1_3,p1gbm,Accumulator factory,python,0.99171114,Programming Concepts,Functional Programming,T1,Different Comments
p1gbm_1_4,p1gbm,Accumulator factory,python,0.99038416,Programming Concepts,Functional Programming,T1,Different Formatting
p1gbm_2_1,p1gbm,Accumulator factory,python,0.99059457,Programming Concepts,Functional Programming,T2,Different Variable Names
p1gbm_2_2,p1gbm,Accumulator factory,python,0.985362,Programming Concepts,Functional Programming,T2,Different Data Types
p1gbm_2_3,p1gbm,Accumulator factory,python,0.99765027,Programming Concepts,Functional Programming,T2,Different Function Names
p1gbm_3_1,p1gbm,Accumulator factory,python,0.9885294,Programming Concepts,Functional Programming,T3,Added Statements
p1gbm_3_2,p1gbm,Accumulator factory,python,0.99171114,Programming Concepts,Functional Programming,T3,Removed Statements
p1gbm_3_3,p1gbm,Accumulator factory,python,0.9919463,Programming Concepts,Functional Programming,T3,Reordered Statements
p1gbm_3_4,p1gbm,Accumulator factory,python,0.9889771,Programming Concepts,Functional Programming,T3,Control Flow Modifications
p1gbm_4_1,p1gbm,Accumulator factory,python,0.97504824,Programming Concepts,Functional Programming,T4,Same Language
p1gbm_4_2,p1gbm,Accumulator factory,go,0.924688,Programming Concepts,Functional Programming,T4,Different Language
p1gbm_4_2,p1gbm,Accumulator factory,java,0.88374925,Programming Concepts,Functional Programming,T4,Different Language
p1gbm_4_2,p1gbm,Accumulator factory,javascript,0.97462374,Programming Concepts,Functional Programming,T4,Different Language
p1gbm_4_2,p1gbm,Accumulator factory,php,0.96935505,Programming Concepts,Functional Programming,T4,Different Language
p1gbm_4_2,p1gbm,Accumulator factory,ruby,0.9718051,Programming Concepts,Functional Programming,T4,Different Language
6y03w_1_1,6y03w,Ackermann function,python,1.0,Mathematics,Algorithms,T1,Identical Clone
6y03w_1_2,6y03w,Ackermann function,python,0.9874457,Mathematics,Algorithms,T1,Different Whitespaces
6y03w_1_3,6y03w,Ackermann function,python,1.0,Mathematics,Algorithms,T1,Different Comments
6y03w_1_4,6y03w,Ackermann function,python,0.99740005,Mathematics,Algorithms,T1,Different Formatting
6y03w_2_1,6y03w,Ackermann function,python,0.99486387,Mathematics,Algorithms,T2,Different Variable Names
6y03w_2_2,6y03w,Ackermann function,python,0.99280274,Mathematics,Algorithms,T2,Different Data Types
6y03w_2_3,6y03w,Ackermann function,python,0.99711615,Mathematics,Algorithms,T2,Different Function Names
6y03w_3_1,6y03w,Ackermann function,python,0.98653597,Mathematics,Algorithms,T3,Added Statements
6y03w_3_2,6y03w,Ackermann function,python,0.99227786,Mathematics,Algorithms,T3,Removed Statements
6y03w_3_3,6y03w,Ackermann function,python,0.99373615,Mathematics,Algorithms,T3,Reordered Statements
6y03w_3_4,6y03w,Ackermann function,python,0.9902957,Mathematics,Algorithms,T3,Control Flow Modifications
6y03w_4_1,6y03w,Ackermann function,python,0.9791093,Mathematics,Algorithms,T4,Same Language
6y03w_4_2,6y03w,Ackermann function,go,0.9522873,Mathematics,Algorithms,T4,Different Language
6y03w_4_2,6y03w,Ackermann function,java,0.9582474,Mathematics,Algorithms,T4,Different Language
6y03w_4_2,6y03w,Ackermann function,javascript,0.9780171,Mathematics,Algorithms,T4,Different Language
6y03w_4_2,6y03w,Ackermann function,php,0.97668934,Mathematics,Algorithms,T4,Different Language
6y03w_4_2,6y03w,Ackermann function,ruby,0.97946465,Mathematics,Algorithms,T4,Different Language
mclyh_1_1,mclyh,Active Directory/Connect,python,1.0,Networking,Directory Services,T1,Identical Clone
mclyh_1_2,mclyh,Active Directory/Connect,python,0.994128,Networking,Directory Services,T1,Different Whitespaces
mclyh_1_3,mclyh,Active Directory/Connect,python,1.0,Networking,Directory Services,T1,Different Comments
mclyh_1_4,mclyh,Active Directory/Connect,python,0.9988524,Networking,Directory Services,T1,Different Formatting
mclyh_2_1,mclyh,Active Directory/Connect,python,0.99957067,Networking,Directory Services,T2,Different Variable Names
mclyh_2_2,mclyh,Active Directory/Connect,python,0.9981967,Networking,Directory Services,T2,Different Data Types
mclyh_2_3,mclyh,Active Directory/Connect,python,0.9994235,Networking,Directory Services,T2,Different Function Names
mclyh_3_1,mclyh,Active Directory/Connect,python,0.99697137,Networking,Directory Services,T3,Added Statements
mclyh_3_2,mclyh,Active Directory/Connect,python,0.9995483,Networking,Directory Services,T3,Removed Statements
mclyh_3_3,mclyh,Active Directory/Connect,python,0.9997494,Networking,Directory Services,T3,Reordered Statements
mclyh_3_4,mclyh,Active Directory/Connect,python,0.9953815,Networking,Directory Services,T3,Control Flow Modifications
mclyh_4_1,mclyh,Active Directory/Connect,python,0.987765,Networking,Directory Services,T4,Same Language
mclyh_4_2,mclyh,Active Directory/Connect,go,0.936653,Networking,Directory Services,T4,Different Language
mclyh_4_2,mclyh,Active Directory/Connect,java,0.9646201,Networking,Directory Services,T4,Different Language
mclyh_4_2,mclyh,Active Directory/Connect,php,0.97330135,Networking,Directory Services,T4,Different Language
mclyh_4_2,mclyh,Active Directory/Connect,ruby,0.98206544,Networking,Directory Services,T4,Different Language
q0oxi_1_1,q0oxi,Active Directory/Search for a user,python,0.99999994,Networking,Directory Services,T1,Identical Clone
q0oxi_1_2,q0oxi,Active Directory/Search for a user,python,0.9912685,Networking,Directory Services,T1,Different Whitespaces
q0oxi_1_3,q0oxi,Active Directory/Search for a user,python,0.99904364,Networking,Directory Services,T1,Different Comments
q0oxi_1_4,q0oxi,Active Directory/Search for a user,python,0.9993575,Networking,Directory Services,T1,Different Formatting
q0oxi_2_1,q0oxi,Active Directory/Search for a user,python,0.9987066,Networking,Directory Services,T2,Different Variable Names
q0oxi_2_2,q0oxi,Active Directory/Search for a user,python,0.99717027,Networking,Directory Services,T2,Different Data Types
q0oxi_2_3,q0oxi,Active Directory/Search for a user,python,0.99645424,Networking,Directory Services,T2,Different Function Names
q0oxi_3_1,q0oxi,Active Directory/Search for a user,python,0.9947305,Networking,Directory Services,T3,Added Statements
q0oxi_3_2,q0oxi,Active Directory/Search for a user,python,0.99778384,Networking,Directory Services,T3,Removed Statements
q0oxi_3_3,q0oxi,Active Directory/Search for a user,python,0.99919695,Networking,Directory Services,T3,Reordered Statements
q0oxi_3_4,q0oxi,Active Directory/Search for a user,python,0.9784539,Networking,Directory Services,T3,Control Flow Modifications
q0oxi_4_1,q0oxi,Active Directory/Search for a user,python,0.9826659,Networking,Directory Services,T4,Same Language
q0oxi_4_2,q0oxi,Active Directory/Search for a user,go,0.95931447,Networking,Directory Services,T4,Different Language
q0oxi_4_2,q0oxi,Active Directory/Search for a user,java,0.9521582,Networking,Directory Services,T4,Different Language
q0oxi_4_2,q0oxi,Active Directory/Search for a user,php,0.98188615,Networking,Directory Services,T4,Different Language
q0oxi_4_2,q0oxi,Active Directory/Search for a user,ruby,0.98649085,Networking,Directory Services,T4,Different Language
l26cv_1_1,l26cv,Active object,python,0.99999994,Programming Concepts,Concurrency,T1,Identical Clone
l26cv_1_2,l26cv,Active object,python,0.9757502,Programming Concepts,Concurrency,T1,Different Whitespaces
l26cv_1_3,l26cv,Active object,python,0.9997285,Programming Concepts,Concurrency,T1,Different Comments
l26cv_1_4,l26cv,Active object,python,0.99823534,Programming Concepts,Concurrency,T1,Different Formatting
l26cv_2_1,l26cv,Active object,python,0.9990777,Programming Concepts,Concurrency,T2,Different Variable Names
l26cv_2_2,l26cv,Active object,python,0.9991497,Programming Concepts,Concurrency,T2,Different Data Types
l26cv_2_3,l26cv,Active object,python,0.99991757,Programming Concepts,Concurrency,T2,Different Function Names
l26cv_3_1,l26cv,Active object,python,0.99665475,Programming Concepts,Concurrency,T3,Added Statements
l26cv_3_2,l26cv,Active object,python,0.99811953,Programming Concepts,Concurrency,T3,Removed Statements
l26cv_3_3,l26cv,Active object,python,0.9988384,Programming Concepts,Concurrency,T3,Reordered Statements
l26cv_3_4,l26cv,Active object,python,0.999193,Programming Concepts,Concurrency,T3,Control Flow Modifications
l26cv_4_1,l26cv,Active object,python,0.9983153,Programming Concepts,Concurrency,T4,Same Language
l26cv_4_2,l26cv,Active object,go,0.91033816,Programming Concepts,Concurrency,T4,Different Language
l26cv_4_2,l26cv,Active object,java,0.9876124,Programming Concepts,Concurrency,T4,Different Language
l26cv_4_2,l26cv,Active object,javascript,0.97227836,Programming Concepts,Concurrency,T4,Different Language
4gv5k_1_1,4gv5k,Add a variable to a class instance at runtime,python,1.0,Programming Concepts,Object-Oriented Programming,T1,Identical Clone
4gv5k_1_2,4gv5k,Add a variable to a class instance at runtime,python,0.9998152,Programming Concepts,Object-Oriented Programming,T1,Different Whitespaces
4gv5k_1_3,4gv5k,Add a variable to a class instance at runtime,python,1.0,Programming Concepts,Object-Oriented Programming,T1,Different Comments
4gv5k_1_4,4gv5k,Add a variable to a class instance at runtime,python,1.0,Programming Concepts,Object-Oriented Programming,T1,Different Formatting
4gv5k_2_1,4gv5k,Add a variable to a class instance at runtime,python,0.99753416,Programming Concepts,Object-Oriented Programming,T2,Different Variable Names
4gv5k_2_2,4gv5k,Add a variable to a class instance at runtime,python,0.9943203,Programming Concepts,Object-Oriented Programming,T2,Different Data Types
4gv5k_2_3,4gv5k,Add a variable to a class instance at runtime,python,0.99753416,Programming Concepts,Object-Oriented Programming,T2,Different Function Names
4gv5k_3_1,4gv5k,Add a variable to a class instance at runtime,python,0.9900606,Programming Concepts,Object-Oriented Programming,T3,Added Statements
4gv5k_3_2,4gv5k,Add a variable to a class instance at runtime,python,0.992159,Programming Concepts,Object-Oriented Programming,T3,Removed Statements
4gv5k_3_3,4gv5k,Add a variable to a class instance at runtime,python,1.0,Programming Concepts,Object-Oriented Programming,T3,Reordered Statements
4gv5k_3_4,4gv5k,Add a variable to a class instance at runtime,python,0.9956372,Programming Concepts,Object-Oriented Programming,T3,Control Flow Modifications
4gv5k_4_1,4gv5k,Add a variable to a class instance at runtime,python,0.9943203,Programming Concepts,Object-Oriented Programming,T4,Same Language
4gv5k_4_2,4gv5k,Add a variable to a class instance at runtime,go,0.8827426,Programming Concepts,Object-Oriented Programming,T4,Different Language
4gv5k_4_2,4gv5k,Add a variable to a class instance at runtime,javascript,0.9465,Programming Concepts,Object-Oriented Programming,T4,Different Language
4gv5k_4_2,4gv5k,Add a variable to a class instance at runtime,php,0.9685326,Programming Concepts,Object-Oriented Programming,T4,Different Language
4gv5k_4_2,4gv5k,Add a variable to a class instance at runtime,ruby,0.96707016,Programming Concepts,Object-Oriented Programming,T4,Different Language
54vux_1_1,54vux,Additive primes,python,1.0,Mathematics,Number Theory,T1,Identical Clone
54vux_1_2,54vux,Additive primes,python,0.97712696,Mathematics,Number Theory,T1,Different Whitespaces
54vux_1_3,54vux,Additive primes,python,0.9979523,Mathematics,Number Theory,T1,Different Comments
54vux_1_4,54vux,Additive primes,python,0.99977034,Mathematics,Number Theory,T1,Different Formatting
54vux_2_1,54vux,Additive primes,python,0.9990955,Mathematics,Number Theory,T2,Different Variable Names
54vux_2_2,54vux,Additive primes,python,0.99573696,Mathematics,Number Theory,T2,Different Data Types
54vux_2_3,54vux,Additive primes,python,0.99809134,Mathematics,Number Theory,T2,Different Function Names
54vux_3_1,54vux,Additive primes,python,0.9996766,Mathematics,Number Theory,T3,Added Statements
54vux_3_2,54vux,Additive primes,python,0.99977034,Mathematics,Number Theory,T3,Removed Statements
54vux_3_3,54vux,Additive primes,python,0.99914175,Mathematics,Number Theory,T3,Reordered Statements
54vux_3_4,54vux,Additive primes,python,0.9988947,Mathematics,Number Theory,T3,Control Flow Modifications
54vux_4_1,54vux,Additive primes,python,0.9709691,Mathematics,Number Theory,T4,Same Language
54vux_4_2,54vux,Additive primes,go,0.95450085,Mathematics,Number Theory,T4,Different Language
54vux_4_2,54vux,Additive primes,java,0.9790106,Mathematics,Number Theory,T4,Different Language
54vux_4_2,54vux,Additive primes,ruby,0.9180907,Mathematics,Number Theory,T4,Different Language
9c3mf_1_1,9c3mf,Address of a variable,python,0.99999994,Programming Concepts,Memory Management,T1,Identical Clone
9c3mf_1_2,9c3mf,Address of a variable,python,0.9994971,Programming Concepts,Memory Management,T1,Different Whitespaces
9c3mf_1_3,9c3mf,Address of a variable,python,0.99999994,Programming Concepts,Memory Management,T1,Different Comments
9c3mf_1_4,9c3mf,Address of a variable,python,0.99617374,Programming Concepts,Memory Management,T1,Different Formatting
9c3mf_2_1,9c3mf,Address of a variable,python,0.99677795,Programming Concepts,Memory Management,T2,Different Variable Names
9c3mf_2_2,9c3mf,Address of a variable,python,0.99574935,Programming Concepts,Memory Management,T2,Different Data Types
9c3mf_2_3,9c3mf,Address of a variable,python,0.99797475,Programming Concepts,Memory Management,T2,Different Function Names
9c3mf_3_1,9c3mf,Address of a variable,python,0.99299383,Programming Concepts,Memory Management,T3,Added Statements
9c3mf_3_2,9c3mf,Address of a variable,python,0.99999994,Programming Concepts,Memory Management,T3,Removed Statements
9c3mf_3_3,9c3mf,Address of a variable,python,0.99583834,Programming Concepts,Memory Management,T3,Reordered Statements
9c3mf_3_4,9c3mf,Address of a variable,python,0.99689156,Programming Concepts,Memory Management,T3,Control Flow Modifications
9c3mf_4_1,9c3mf,Address of a variable,python,0.9764184,Programming Concepts,Memory Management,T4,Same Language
9c3mf_4_2,9c3mf,Address of a variable,go,0.9332012,Programming Concepts,Memory Management,T4,Different Language
9c3mf_4_2,9c3mf,Address of a variable,java,0.966491,Programming Concepts,Memory Management,T4,Different Language
9c3mf_4_2,9c3mf,Address of a variable,ruby,0.98727214,Programming Concepts,Memory Management,T4,Different Language
fz9de_1_1,fz9de,Algebraic data types,python,0.9999999,Programming Concepts,Data Structures,T1,Identical Clone
fz9de_1_2,fz9de,Algebraic data types,python,0.95585656,Programming Concepts,Data Structures,T1,Different Whitespaces
fz9de_1_3,fz9de,Algebraic data types,python,0.9999999,Programming Concepts,Data Structures,T1,Different Comments
fz9de_1_4,fz9de,Algebraic data types,python,0.9961791,Programming Concepts,Data Structures,T1,Different Formatting
fz9de_2_1,fz9de,Algebraic data types,python,0.9988841,Programming Concepts,Data Structures,T2,Different Variable Names
fz9de_2_2,fz9de,Algebraic data types,python,0.99985516,Programming Concepts,Data Structures,T2,Different Data Types
fz9de_2_3,fz9de,Algebraic data types,python,0.99988025,Programming Concepts,Data Structures,T2,Different Function Names
fz9de_3_1,fz9de,Algebraic data types,python,0.9976838,Programming Concepts,Data Structures,T3,Added Statements
fz9de_3_2,fz9de,Algebraic data types,python,0.99227035,Programming Concepts,Data Structures,T3,Removed Statements
fz9de_3_3,fz9de,Algebraic data types,python,0.9999999,Programming Concepts,Data Structures,T3,Reordered Statements
fz9de_3_4,fz9de,Algebraic data types,python,0.99449706,Programming Concepts,Data Structures,T3,Control Flow Modifications
fz9de_4_1,fz9de,Algebraic data types,python,0.986239,Programming Concepts,Data Structures,T4,Same Language
fz9de_4_2,fz9de,Algebraic data types,go,0.8921702,Programming Concepts,Data Structures,T4,Different Language
ymi6q_1_1,ymi6q,Align columns,python,0.9999999,Programming Concepts,Text Processing,T1,Identical Clone
ymi6q_1_2,ymi6q,Align columns,python,0.9939626,Programming Concepts,Text Processing,T1,Different Whitespaces
ymi6q_1_3,ymi6q,Align columns,python,0.9999999,Programming Concepts,Text Processing,T1,Different Comments
ymi6q_1_4,ymi6q,Align columns,python,0.99763197,Programming Concepts,Text Processing,T1,Different Formatting
ymi6q_2_1,ymi6q,Align columns,python,0.99826163,Programming Concepts,Text Processing,T2,Different Variable Names
ymi6q_2_2,ymi6q,Align columns,python,0.9994559,Programming Concepts,Text Processing,T2,Different Data Types
ymi6q_2_3,ymi6q,Align columns,python,0.9999894,Programming Concepts,Text Processing,T2,Different Function Names
ymi6q_3_1,ymi6q,Align columns,python,0.9964803,Programming Concepts,Text Processing,T3,Added Statements
ymi6q_3_2,ymi6q,Align columns,python,0.99417937,Programming Concepts,Text Processing,T3,Removed Statements
ymi6q_3_3,ymi6q,Align columns,python,0.99913037,Programming Concepts,Text Processing,T3,Reordered Statements
ymi6q_3_4,ymi6q,Align columns,python,0.99858963,Programming Concepts,Text Processing,T3,Control Flow Modifications
ymi6q_4_1,ymi6q,Align columns,python,0.9785595,Programming Concepts,Text Processing,T4,Same Language
ymi6q_4_2,ymi6q,Align columns,go,0.9452295,Programming Concepts,Text Processing,T4,Different Language
ymi6q_4_2,ymi6q,Align columns,java,0.942466,Programming Concepts,Text Processing,T4,Different Language
ymi6q_4_2,ymi6q,Align columns,javascript,0.9520124,Programming Concepts,Text Processing,T4,Different Language
ymi6q_4_2,ymi6q,Align columns,php,0.9546521,Programming Concepts,Text Processing,T4,Different Language
ymi6q_4_2,ymi6q,Align columns,ruby,0.9641644,Programming Concepts,Text Processing,T4,Different Language
g774h_1_1,g774h,Aliquot sequence classifications,python,1.0000001,Mathematics,Number Theory,T1,Identical Clone
g774h_1_2,g774h,Aliquot sequence classifications,python,0.96988475,Mathematics,Number Theory,T1,Different Whitespaces
g774h_1_3,g774h,Aliquot sequence classifications,python,1.0000001,Mathematics,Number Theory,T1,Different Comments
g774h_1_4,g774h,Aliquot sequence classifications,python,0.9978558,Mathematics,Number Theory,T1,Different Formatting
g774h_2_1,g774h,Aliquot sequence classifications,python,0.9980862,Mathematics,Number Theory,T2,Different Variable Names
g774h_2_2,g774h,Aliquot sequence classifications,python,0.9985688,Mathematics,Number Theory,T2,Different Data Types
g774h_2_3,g774h,Aliquot sequence classifications,python,0.9989493,Mathematics,Number Theory,T2,Different Function Names
g774h_3_1,g774h,Aliquot sequence classifications,python,0.99994075,Mathematics,Number Theory,T3,Added Statements
g774h_3_2,g774h,Aliquot sequence classifications,python,0.98827314,Mathematics,Number Theory,T3,Removed Statements
g774h_3_3,g774h,Aliquot sequence classifications,python,0.9999882,Mathematics,Number Theory,T3,Reordered Statements
g774h_3_4,g774h,Aliquot sequence classifications,python,0.9906099,Mathematics,Number Theory,T3,Control Flow Modifications
g774h_4_1,g774h,Aliquot sequence classifications,python,0.99886537,Mathematics,Number Theory,T4,Same Language
g774h_4_2,g774h,Aliquot sequence classifications,go,0.9194233,Mathematics,Number Theory,T4,Different Language
g774h_4_2,g774h,Aliquot sequence classifications,java,0.98512655,Mathematics,Number Theory,T4,Different Language
g774h_4_2,g774h,Aliquot sequence classifications,ruby,0.97598183,Mathematics,Number Theory,T4,Different Language
b1skr_1_1,b1skr,Almkvist-Giullera formula for pi,python,1.0000001,Mathematics,Numerical Methods,T1,Identical Clone
b1skr_1_2,b1skr,Almkvist-Giullera formula for pi,python,0.9874203,Mathematics,Numerical Methods,T1,Different Whitespaces
b1skr_1_3,b1skr,Almkvist-Giullera formula for pi,python,0.9991893,Mathematics,Numerical Methods,T1,Different Comments
b1skr_1_4,b1skr,Almkvist-Giullera formula for pi,python,0.9995998,Mathematics,Numerical Methods,T1,Different Formatting
b1skr_2_1,b1skr,Almkvist-Giullera formula for pi,python,0.99949455,Mathematics,Numerical Methods,T2,Different Variable Names
b1skr_2_2,b1skr,Almkvist-Giullera formula for pi,python,0.99682957,Mathematics,Numerical Methods,T2,Different Data Types
b1skr_2_3,b1skr,Almkvist-Giullera formula for pi,python,0.9989691,Mathematics,Numerical Methods,T2,Different Function Names
b1skr_3_1,b1skr,Almkvist-Giullera formula for pi,python,0.99907005,Mathematics,Numerical Methods,T3,Added Statements
b1skr_3_2,b1skr,Almkvist-Giullera formula for pi,python,0.99773896,Mathematics,Numerical Methods,T3,Removed Statements
b1skr_3_3,b1skr,Almkvist-Giullera formula for pi,python,0.99887264,Mathematics,Numerical Methods,T3,Reordered Statements
b1skr_3_4,b1skr,Almkvist-Giullera formula for pi,python,0.9994949,Mathematics,Numerical Methods,T3,Control Flow Modifications
b1skr_4_1,b1skr,Almkvist-Giullera formula for pi,python,0.99807775,Mathematics,Numerical Methods,T4,Same Language
b1skr_4_2,b1skr,Almkvist-Giullera formula for pi,go,0.95915157,Mathematics,Numerical Methods,T4,Different Language
b1skr_4_2,b1skr,Almkvist-Giullera formula for pi,javascript,0.97692156,Mathematics,Numerical Methods,T4,Different Language
nf6iz_1_1,nf6iz,Almost prime,python,1.0000001,Mathematics,Number Theory,T1,Identical Clone
nf6iz_1_2,nf6iz,Almost prime,python,0.9915857,Mathematics,Number Theory,T1,Different Whitespaces
nf6iz_1_3,nf6iz,Almost prime,python,1.0000001,Mathematics,Number Theory,T1,Different Comments
nf6iz_1_4,nf6iz,Almost prime,python,0.99983364,Mathematics,Number Theory,T1,Different Formatting
nf6iz_2_1,nf6iz,Almost prime,python,0.9985524,Mathematics,Number Theory,T2,Different Variable Names
nf6iz_2_2,nf6iz,Almost prime,python,0.9989967,Mathematics,Number Theory,T2,Different Data Types
nf6iz_2_3,nf6iz,Almost prime,python,0.9999436,Mathematics,Number Theory,T2,Different Function Names
nf6iz_3_1,nf6iz,Almost prime,python,0.9961411,Mathematics,Number Theory,T3,Added Statements
nf6iz_3_2,nf6iz,Almost prime,python,0.9947108,Mathematics,Number Theory,T3,Removed Statements
nf6iz_3_3,nf6iz,Almost prime,python,0.9997164,Mathematics,Number Theory,T3,Reordered Statements
nf6iz_3_4,nf6iz,Almost prime,python,0.99672675,Mathematics,Number Theory,T3,Control Flow Modifications
nf6iz_4_1,nf6iz,Almost prime,python,0.9977877,Mathematics,Number Theory,T4,Same Language
nf6iz_4_2,nf6iz,Almost prime,go,0.9443406,Mathematics,Number Theory,T4,Different Language
nf6iz_4_2,nf6iz,Almost prime,java,0.9542411,Mathematics,Number Theory,T4,Different Language
nf6iz_4_2,nf6iz,Almost prime,javascript,0.9825099,Mathematics,Number Theory,T4,Different Language
nf6iz_4_2,nf6iz,Almost prime,ruby,0.9597336,Mathematics,Number Theory,T4,Different Language
t3mfw_1_1,t3mfw,Amb,python,1.0,Programming Concepts,Functional Programming,T1,Identical Clone
t3mfw_1_2,t3mfw,Amb,python,0.964154,Programming Concepts,Functional Programming,T1,Different Whitespaces
t3mfw_1_3,t3mfw,Amb,python,0.9990231,Programming Concepts,Functional Programming,T1,Different Comments
t3mfw_1_4,t3mfw,Amb,python,0.99388933,Programming Concepts,Functional Programming,T1,Different Formatting
t3mfw_2_1,t3mfw,Amb,python,0.9984507,Programming Concepts,Functional Programming,T2,Different Variable Names
t3mfw_2_2,t3mfw,Amb,python,0.99890184,Programming Concepts,Functional Programming,T2,Different Data Types
t3mfw_2_3,t3mfw,Amb,python,0.9990231,Programming Concepts,Functional Programming,T2,Different Function Names
t3mfw_3_1,t3mfw,Amb,python,0.99863905,Programming Concepts,Functional Programming,T3,Added Statements
t3mfw_3_2,t3mfw,Amb,python,0.99812603,Programming Concepts,Functional Programming,T3,Removed Statements
t3mfw_3_3,t3mfw,Amb,python,0.9954762,Programming Concepts,Functional Programming,T3,Reordered Statements
t3mfw_3_4,t3mfw,Amb,python,0.99751955,Programming Concepts,Functional Programming,T3,Control Flow Modifications
t3mfw_4_1,t3mfw,Amb,python,0.9943948,Programming Concepts,Functional Programming,T4,Same Language
t3mfw_4_2,t3mfw,Amb,go,0.9392101,Programming Concepts,Functional Programming,T4,Different Language
t3mfw_4_2,t3mfw,Amb,javascript,0.98123693,Programming Concepts,Functional Programming,T4,Different Language
t3mfw_4_2,t3mfw,Amb,ruby,0.9453555,Programming Concepts,Functional Programming,T4,Different Language
c279q_1_1,c279q,Amicable pairs,python,1.0,Mathematics,Number Theory,T1,Identical Clone
c279q_1_2,c279q,Amicable pairs,python,0.99355936,Mathematics,Number Theory,T1,Different Whitespaces
c279q_1_3,c279q,Amicable pairs,python,0.9999979,Mathematics,Number Theory,T1,Different Comments
c279q_1_4,c279q,Amicable pairs,python,0.9997108,Mathematics,Number Theory,T1,Different Formatting
c279q_2_1,c279q,Amicable pairs,python,0.9932251,Mathematics,Number Theory,T2,Different Variable Names
c279q_2_2,c279q,Amicable pairs,python,0.99976146,Mathematics,Number Theory,T2,Different Data Types
c279q_2_3,c279q,Amicable pairs,python,0.9991605,Mathematics,Number Theory,T2,Different Function Names
c279q_3_1,c279q,Amicable pairs,python,0.99868286,Mathematics,Number Theory,T3,Added Statements
c279q_3_2,c279q,Amicable pairs,python,0.99932253,Mathematics,Number Theory,T3,Removed Statements
c279q_3_3,c279q,Amicable pairs,python,0.99899036,Mathematics,Number Theory,T3,Reordered Statements
c279q_3_4,c279q,Amicable pairs,python,0.98852265,Mathematics,Number Theory,T3,Control Flow Modifications
c279q_4_1,c279q,Amicable pairs,python,0.99044347,Mathematics,Number Theory,T4,Same Language
c279q_4_2,c279q,Amicable pairs,go,0.96280646,Mathematics,Number Theory,T4,Different Language
c279q_4_2,c279q,Amicable pairs,java,0.9631374,Mathematics,Number Theory,T4,Different Language
c279q_4_2,c279q,Amicable pairs,javascript,0.8589215,Mathematics,Number Theory,T4,Different Language
c279q_4_2,c279q,Amicable pairs,php,0.9824319,Mathematics,Number Theory,T4,Different Language
c279q_4_2,c279q,Amicable pairs,ruby,0.95457685,Mathematics,Number Theory,T4,Different Language
xsqwr_1_1,xsqwr,Anagrams,python,1.0,Programming Concepts,String Operations,T1,Identical Clone
xsqwr_1_2,xsqwr,Anagrams,python,0.9982136,Programming Concepts,String Operations,T1,Different Whitespaces
xsqwr_1_3,xsqwr,Anagrams,python,0.9984746,Programming Concepts,String Operations,T1,Different Comments
xsqwr_1_4,xsqwr,Anagrams,python,0.9966363,Programming Concepts,String Operations,T1,Different Formatting
xsqwr_2_1,xsqwr,Anagrams,python,0.9961184,Programming Concepts,String Operations,T2,Different Variable Names
xsqwr_2_2,xsqwr,Anagrams,python,0.99621934,Programming Concepts,String Operations,T2,Different Data Types
xsqwr_2_3,xsqwr,Anagrams,python,0.99700254,Programming Concepts,String Operations,T2,Different Function Names
xsqwr_3_1,xsqwr,Anagrams,python,0.9952406,Programming Concepts,String Operations,T3,Added Statements
xsqwr_3_2,xsqwr,Anagrams,python,0.9983468,Programming Concepts,String Operations,T3,Removed Statements
xsqwr_3_3,xsqwr,Anagrams,python,0.9997686,Programming Concepts,String Operations,T3,Reordered Statements
xsqwr_3_4,xsqwr,Anagrams,python,0.99506944,Programming Concepts,String Operations,T3,Control Flow Modifications
xsqwr_4_1,xsqwr,Anagrams,python,0.99648017,Programming Concepts,String Operations,T4,Same Language
xsqwr_4_2,xsqwr,Anagrams,go,0.93982315,Programming Concepts,String Operations,T4,Different Language
xsqwr_4_2,xsqwr,Anagrams,java,0.9719727,Programming Concepts,String Operations,T4,Different Language
xsqwr_4_2,xsqwr,Anagrams,javascript,0.9853945,Programming Concepts,String Operations,T4,Different Language
xsqwr_4_2,xsqwr,Anagrams,php,0.9860191,Programming Concepts,String Operations,T4,Different Language
xsqwr_4_2,xsqwr,Anagrams,ruby,0.97999305,Programming Concepts,String Operations,T4,Different Language
u4wvd_1_1,u4wvd,Anagrams/Deranged anagrams,python,1.0000001,Programming Concepts,String Operations,T1,Identical Clone
u4wvd_1_2,u4wvd,Anagrams/Deranged anagrams,python,0.9973789,Programming Concepts,String Operations,T1,Different Whitespaces
u4wvd_1_3,u4wvd,Anagrams/Deranged anagrams,python,0.99388486,Programming Concepts,String Operations,T1,Different Comments
u4wvd_1_4,u4wvd,Anagrams/Deranged anagrams,python,0.9943925,Programming Concepts,String Operations,T1,Different Formatting
u4wvd_2_1,u4wvd,Anagrams/Deranged anagrams,python,0.9978547,Programming Concepts,String Operations,T2,Different Variable Names
u4wvd_2_2,u4wvd,Anagrams/Deranged anagrams,python,0.9994954,Programming Concepts,String Operations,T2,Different Data Types
u4wvd_2_3,u4wvd,Anagrams/Deranged anagrams,python,0.9992387,Programming Concepts,String Operations,T2,Different Function Names
u4wvd_3_1,u4wvd,Anagrams/Deranged anagrams,python,0.9931577,Programming Concepts,String Operations,T3,Added Statements
u4wvd_3_2,u4wvd,Anagrams/Deranged anagrams,python,0.99311304,Programming Concepts,String Operations,T3,Removed Statements
u4wvd_3_3,u4wvd,Anagrams/Deranged anagrams,python,0.99512804,Programming Concepts,String Operations,T3,Reordered Statements
u4wvd_3_4,u4wvd,Anagrams/Deranged anagrams,python,0.99357116,Programming Concepts,String Operations,T3,Control Flow Modifications
u4wvd_4_1,u4wvd,Anagrams/Deranged anagrams,python,0.9898776,Programming Concepts,String Operations,T4,Same Language
u4wvd_4_2,u4wvd,Anagrams/Deranged anagrams,go,0.9459772,Programming Concepts,String Operations,T4,Different Language
u4wvd_4_2,u4wvd,Anagrams/Deranged anagrams,java,0.9836464,Programming Concepts,String Operations,T4,Different Language
u4wvd_4_2,u4wvd,Anagrams/Deranged anagrams,javascript,0.9833558,Programming Concepts,String Operations,T4,Different Language
u4wvd_4_2,u4wvd,Anagrams/Deranged anagrams,php,0.9832498,Programming Concepts,String Operations,T4,Different Language
u4wvd_4_2,u4wvd,Anagrams/Deranged anagrams,ruby,0.9551816,Programming Concepts,String Operations,T4,Different Language
jks7p_1_1,jks7p,Angle difference between two bearings,python,1.0000001,Mathematics,Geometry,T1,Identical Clone
jks7p_1_2,jks7p,Angle difference between two bearings,python,0.9985055,Mathematics,Geometry,T1,Different Whitespaces
jks7p_1_3,jks7p,Angle difference between two bearings,python,0.99947155,Mathematics,Geometry,T1,Different Comments
jks7p_1_4,jks7p,Angle difference between two bearings,python,0.994259,Mathematics,Geometry,T1,Different Formatting
jks7p_2_1,jks7p,Angle difference between two bearings,python,0.9981687,Mathematics,Geometry,T2,Different Variable Names
jks7p_2_2,jks7p,Angle difference between two bearings,python,0.992115,Mathematics,Geometry,T2,Different Data Types
jks7p_2_3,jks7p,Angle difference between two bearings,python,0.9982151,Mathematics,Geometry,T2,Different Function Names
jks7p_3_1,jks7p,Angle difference between two bearings,python,0.9998093,Mathematics,Geometry,T3,Added Statements
jks7p_3_2,jks7p,Angle difference between two bearings,python,0.9982295,Mathematics,Geometry,T3,Removed Statements
jks7p_3_3,jks7p,Angle difference between two bearings,python,0.99421406,Mathematics,Geometry,T3,Reordered Statements
jks7p_3_4,jks7p,Angle difference between two bearings,python,0.97836906,Mathematics,Geometry,T3,Control Flow Modifications
jks7p_4_1,jks7p,Angle difference between two bearings,python,0.98072386,Mathematics,Geometry,T4,Same Language
jks7p_4_2,jks7p,Angle difference between two bearings,go,0.9434119,Mathematics,Geometry,T4,Different Language
jks7p_4_2,jks7p,Angle difference between two bearings,java,0.9618871,Mathematics,Geometry,T4,Different Language
jks7p_4_2,jks7p,Angle difference between two bearings,javascript,0.98330486,Mathematics,Geometry,T4,Different Language
jks7p_4_2,jks7p,Angle difference between two bearings,ruby,0.99389946,Mathematics,Geometry,T4,Different Language
hb8jw_1_1,hb8jw,"Angles (geometric), normalization and conversion",python,0.99999994,Mathematics,Geometry,T1,Identical Clone
hb8jw_1_2,hb8jw,"Angles (geometric), normalization and conversion",python,0.99869865,Mathematics,Geometry,T1,Different Whitespaces
hb8jw_1_3,hb8jw,"Angles (geometric), normalization and conversion",python,0.99911964,Mathematics,Geometry,T1,Different Comments
hb8jw_1_4,hb8jw,"Angles (geometric), normalization and conversion",python,0.9912907,Mathematics,Geometry,T1,Different Formatting
hb8jw_2_1,hb8jw,"Angles (geometric), normalization and conversion",python,0.9880428,Mathematics,Geometry,T2,Different Variable Names
hb8jw_2_2,hb8jw,"Angles (geometric), normalization and conversion",python,0.9847038,Mathematics,Geometry,T2,Different Data Types
hb8jw_2_3,hb8jw,"Angles (geometric), normalization and conversion",python,0.9945817,Mathematics,Geometry,T2,Different Function Names
hb8jw_3_1,hb8jw,"Angles (geometric), normalization and conversion",python,0.9860836,Mathematics,Geometry,T3,Added Statements
hb8jw_3_2,hb8jw,"Angles (geometric), normalization and conversion",python,0.9843192,Mathematics,Geometry,T3,Removed Statements
hb8jw_3_3,hb8jw,"Angles (geometric), normalization and conversion",python,0.9994935,Mathematics,Geometry,T3,Reordered Statements
hb8jw_3_4,hb8jw,"Angles (geometric), normalization and conversion",python,0.9986785,Mathematics,Geometry,T3,Control Flow Modifications
hb8jw_4_1,hb8jw,"Angles (geometric), normalization and conversion",python,0.9968771,Mathematics,Geometry,T4,Same Language
hb8jw_4_2,hb8jw,"Angles (geometric), normalization and conversion",go,0.9752011,Mathematics,Geometry,T4,Different Language
hb8jw_4_2,hb8jw,"Angles (geometric), normalization and conversion",java,0.83738655,Mathematics,Geometry,T4,Different Language
hb8jw_4_2,hb8jw,"Angles (geometric), normalization and conversion",javascript,0.91175205,Mathematics,Geometry,T4,Different Language
hb8jw_4_2,hb8jw,"Angles (geometric), normalization and conversion",ruby,0.9703422,Mathematics,Geometry,T4,Different Language
id9of_1_1,id9of,Animate a pendulum,python,1.0000001,Game Development,Physics Simulations,T1,Identical Clone
id9of_1_2,id9of,Animate a pendulum,python,0.98756325,Game Development,Physics Simulations,T1,Different Whitespaces
id9of_1_3,id9of,Animate a pendulum,python,1.0000001,Game Development,Physics Simulations,T1,Different Comments
id9of_1_4,id9of,Animate a pendulum,python,0.9996463,Game Development,Physics Simulations,T1,Different Formatting
id9of_2_1,id9of,Animate a pendulum,python,0.9991127,Game Development,Physics Simulations,T2,Different Variable Names
id9of_2_2,id9of,Animate a pendulum,python,0.9992738,Game Development,Physics Simulations,T2,Different Data Types
id9of_2_3,id9of,Animate a pendulum,python,0.9999678,Game Development,Physics Simulations,T2,Different Function Names
id9of_3_1,id9of,Animate a pendulum,python,0.99934924,Game Development,Physics Simulations,T3,Added Statements
id9of_3_2,id9of,Animate a pendulum,python,0.9993233,Game Development,Physics Simulations,T3,Removed Statements
id9of_3_3,id9of,Animate a pendulum,python,0.99995804,Game Development,Physics Simulations,T3,Reordered Statements
id9of_3_4,id9of,Animate a pendulum,python,0.99954176,Game Development,Physics Simulations,T3,Control Flow Modifications
id9of_4_1,id9of,Animate a pendulum,python,0.99862826,Game Development,Physics Simulations,T4,Same Language
id9of_4_2,id9of,Animate a pendulum,go,0.91086817,Game Development,Physics Simulations,T4,Different Language
id9of_4_2,id9of,Animate a pendulum,java,0.98080844,Game Development,Physics Simulations,T4,Different Language
id9of_4_2,id9of,Animate a pendulum,javascript,0.9728568,Game Development,Physics Simulations,T4,Different Language
id9of_4_2,id9of,Animate a pendulum,ruby,0.97667104,Game Development,Physics Simulations,T4,Different Language
v5a29_1_1,v5a29,Animation,python,1.0,Game Development,Graphics,T1,Identical Clone
v5a29_1_2,v5a29,Animation,python,0.9868599,Game Development,Graphics,T1,Different Whitespaces
v5a29_1_3,v5a29,Animation,python,0.9999672,Game Development,Graphics,T1,Different Comments
v5a29_1_4,v5a29,Animation,python,0.9994028,Game Development,Graphics,T1,Different Formatting
v5a29_2_1,v5a29,Animation,python,0.99981046,Game Development,Graphics,T2,Different Variable Names
v5a29_2_2,v5a29,Animation,python,0.9998851,Game Development,Graphics,T2,Different Data Types
v5a29_2_3,v5a29,Animation,python,0.9999516,Game Development,Graphics,T2,Different Function Names
v5a29_3_1,v5a29,Animation,python,0.9996743,Game Development,Graphics,T3,Added Statements
v5a29_3_2,v5a29,Animation,python,0.9984072,Game Development,Graphics,T3,Removed Statements
v5a29_3_3,v5a29,Animation,python,0.9998274,Game Development,Graphics,T3,Reordered Statements
v5a29_3_4,v5a29,Animation,python,0.9993559,Game Development,Graphics,T3,Control Flow Modifications
v5a29_4_1,v5a29,Animation,python,0.9988772,Game Development,Graphics,T4,Same Language
v5a29_4_2,v5a29,Animation,go,0.9411171,Game Development,Graphics,T4,Different Language
v5a29_4_2,v5a29,Animation,java,0.9879282,Game Development,Graphics,T4,Different Language
v5a29_4_2,v5a29,Animation,ruby,0.9297407,Game Development,Graphics,T4,Different Language
rj8gq_1_1,rj8gq,Anonymous recursion,python,1.0000001,Programming Concepts,Recursion,T1,Identical Clone
rj8gq_1_2,rj8gq,Anonymous recursion,python,0.99824333,Programming Concepts,Recursion,T1,Different Whitespaces
rj8gq_1_3,rj8gq,Anonymous recursion,python,0.99455583,Programming Concepts,Recursion,T1,Different Comments
rj8gq_1_4,rj8gq,Anonymous recursion,python,0.9997883,Programming Concepts,Recursion,T1,Different Formatting
rj8gq_2_1,rj8gq,Anonymous recursion,python,0.9975358,Programming Concepts,Recursion,T2,Different Variable Names
rj8gq_2_2,rj8gq,Anonymous recursion,python,0.99398893,Programming Concepts,Recursion,T2,Different Data Types
rj8gq_2_3,rj8gq,Anonymous recursion,python,0.99886477,Programming Concepts,Recursion,T2,Different Function Names
rj8gq_3_1,rj8gq,Anonymous recursion,python,0.995407,Programming Concepts,Recursion,T3,Added Statements
rj8gq_3_2,rj8gq,Anonymous recursion,python,0.9932889,Programming Concepts,Recursion,T3,Removed Statements
rj8gq_3_3,rj8gq,Anonymous recursion,python,0.9942506,Programming Concepts,Recursion,T3,Reordered Statements
rj8gq_3_4,rj8gq,Anonymous recursion,python,0.99224055,Programming Concepts,Recursion,T3,Control Flow Modifications
rj8gq_4_1,rj8gq,Anonymous recursion,python,0.97878015,Programming Concepts,Recursion,T4,Same Language
rj8gq_4_2,rj8gq,Anonymous recursion,go,0.89389384,Programming Concepts,Recursion,T4,Different Language
rj8gq_4_2,rj8gq,Anonymous recursion,java,0.9723887,Programming Concepts,Recursion,T4,Different Language
rj8gq_4_2,rj8gq,Anonymous recursion,javascript,0.9699651,Programming Concepts,Recursion,T4,Different Language
rj8gq_4_2,rj8gq,Anonymous recursion,php,0.960809,Programming Concepts,Recursion,T4,Different Language
rj8gq_4_2,rj8gq,Anonymous recursion,ruby,0.97340465,Programming Concepts,Recursion,T4,Different Language
1eypc_1_1,1eypc,Anti-primes,python,1.0,Mathematics,Number Theory,T1,Identical Clone
1eypc_1_2,1eypc,Anti-primes,python,0.9776428,Mathematics,Number Theory,T1,Different Whitespaces
1eypc_1_3,1eypc,Anti-primes,python,0.999986,Mathematics,Number Theory,T1,Different Comments
1eypc_1_4,1eypc,Anti-primes,python,0.9984066,Mathematics,Number Theory,T1,Different Formatting
1eypc_2_1,1eypc,Anti-primes,python,0.9993371,Mathematics,Number Theory,T2,Different Variable Names
1eypc_2_2,1eypc,Anti-primes,python,0.9981679,Mathematics,Number Theory,T2,Different Data Types
1eypc_2_3,1eypc,Anti-primes,python,0.99957895,Mathematics,Number Theory,T2,Different Function Names
1eypc_3_1,1eypc,Anti-primes,python,0.9997078,Mathematics,Number Theory,T3,Added Statements
1eypc_3_2,1eypc,Anti-primes,python,0.9998956,Mathematics,Number Theory,T3,Removed Statements
1eypc_3_3,1eypc,Anti-primes,python,0.99903095,Mathematics,Number Theory,T3,Reordered Statements
1eypc_3_4,1eypc,Anti-primes,python,0.99831486,Mathematics,Number Theory,T3,Control Flow Modifications
1eypc_4_1,1eypc,Anti-primes,python,0.99918807,Mathematics,Number Theory,T4,Same Language
1eypc_4_2,1eypc,Anti-primes,go,0.90761256,Mathematics,Number Theory,T4,Different Language
1eypc_4_2,1eypc,Anti-primes,java,0.9227772,Mathematics,Number Theory,T4,Different Language
1eypc_4_2,1eypc,Anti-primes,javascript,0.9673116,Mathematics,Number Theory,T4,Different Language
1eypc_4_2,1eypc,Anti-primes,ruby,0.9606633,Mathematics,Number Theory,T4,Different Language
kpyhf_1_1,kpyhf,Append a record to the end of a text file,python,1.0000001,Utilities & Scripts,File Operations,T1,Identical Clone
kpyhf_1_2,kpyhf,Append a record to the end of a text file,python,0.9908283,Utilities & Scripts,File Operations,T1,Different Whitespaces
kpyhf_1_3,kpyhf,Append a record to the end of a text file,python,1.0000001,Utilities & Scripts,File Operations,T1,Different Comments
kpyhf_1_4,kpyhf,Append a record to the end of a text file,python,0.97549516,Utilities & Scripts,File Operations,T1,Different Formatting
kpyhf_2_1,kpyhf,Append a record to the end of a text file,python,0.9978732,Utilities & Scripts,File Operations,T2,Different Variable Names
kpyhf_2_2,kpyhf,Append a record to the end of a text file,python,0.9960007,Utilities & Scripts,File Operations,T2,Different Data Types
kpyhf_2_3,kpyhf,Append a record to the end of a text file,python,0.99881756,Utilities & Scripts,File Operations,T2,Different Function Names
kpyhf_3_1,kpyhf,Append a record to the end of a text file,python,0.9993583,Utilities & Scripts,File Operations,T3,Added Statements
kpyhf_3_2,kpyhf,Append a record to the end of a text file,python,0.99788916,Utilities & Scripts,File Operations,T3,Removed Statements
kpyhf_3_3,kpyhf,Append a record to the end of a text file,python,0.99984634,Utilities & Scripts,File Operations,T3,Reordered Statements
kpyhf_3_4,kpyhf,Append a record to the end of a text file,python,0.99733937,Utilities & Scripts,File Operations,T3,Control Flow Modifications
kpyhf_4_1,kpyhf,Append a record to the end of a text file,python,0.9702619,Utilities & Scripts,File Operations,T4,Same Language
kpyhf_4_2,kpyhf,Append a record to the end of a text file,go,0.9587758,Utilities & Scripts,File Operations,T4,Different Language
kpyhf_4_2,kpyhf,Append a record to the end of a text file,java,0.9516792,Utilities & Scripts,File Operations,T4,Different Language
kpyhf_4_2,kpyhf,Append a record to the end of a text file,php,0.98293465,Utilities & Scripts,File Operations,T4,Different Language
kpyhf_4_2,kpyhf,Append a record to the end of a text file,ruby,0.9875933,Utilities & Scripts,File Operations,T4,Different Language
s82q9_1_1,s82q9,Apply a callback to an array,python,1.0000001,Programming Concepts,Functions,T1,Identical Clone
s82q9_1_2,s82q9,Apply a callback to an array,python,0.9609171,Programming Concepts,Functions,T1,Different Whitespaces
s82q9_1_3,s82q9,Apply a callback to an array,python,1.0000001,Programming Concepts,Functions,T1,Different Comments
s82q9_1_4,s82q9,Apply a callback to an array,python,0.97460604,Programming Concepts,Functions,T1,Different Formatting
s82q9_2_1,s82q9,Apply a callback to an array,python,0.99288094,Programming Concepts,Functions,T2,Different Variable Names
s82q9_2_2,s82q9,Apply a callback to an array,python,0.99907804,Programming Concepts,Functions,T2,Different Data Types
s82q9_2_3,s82q9,Apply a callback to an array,python,0.9993417,Programming Concepts,Functions,T2,Different Function Names
s82q9_3_1,s82q9,Apply a callback to an array,python,0.99913317,Programming Concepts,Functions,T3,Added Statements
s82q9_3_2,s82q9,Apply a callback to an array,python,0.98544425,Programming Concepts,Functions,T3,Removed Statements
s82q9_3_3,s82q9,Apply a callback to an array,python,0.99033666,Programming Concepts,Functions,T3,Reordered Statements
s82q9_3_4,s82q9,Apply a callback to an array,python,0.9781202,Programming Concepts,Functions,T3,Control Flow Modifications
s82q9_4_1,s82q9,Apply a callback to an array,python,0.96858525,Programming Concepts,Functions,T4,Same Language
s82q9_4_2,s82q9,Apply a callback to an array,go,0.9476164,Programming Concepts,Functions,T4,Different Language
s82q9_4_2,s82q9,Apply a callback to an array,java,0.9633367,Programming Concepts,Functions,T4,Different Language
s82q9_4_2,s82q9,Apply a callback to an array,javascript,0.94593567,Programming Concepts,Functions,T4,Different Language
s82q9_4_2,s82q9,Apply a callback to an array,php,0.9437961,Programming Concepts,Functions,T4,Different Language
s82q9_4_2,s82q9,Apply a callback to an array,ruby,0.9226694,Programming Concepts,Functions,T4,Different Language
7h3rm_1_1,7h3rm,Apply a digital filter (direct form II transposed),python,1.0,Mathematics,Signal Processing,T1,Identical Clone
7h3rm_1_2,7h3rm,Apply a digital filter (direct form II transposed),python,0.99759567,Mathematics,Signal Processing,T1,Different Whitespaces
7h3rm_1_3,7h3rm,Apply a digital filter (direct form II transposed),python,0.99706584,Mathematics,Signal Processing,T1,Different Comments
7h3rm_1_4,7h3rm,Apply a digital filter (direct form II transposed),python,0.9887028,Mathematics,Signal Processing,T1,Different Formatting
7h3rm_2_1,7h3rm,Apply a digital filter (direct form II transposed),python,0.9989269,Mathematics,Signal Processing,T2,Different Variable Names
7h3rm_2_2,7h3rm,Apply a digital filter (direct form II transposed),python,0.9988551,Mathematics,Signal Processing,T2,Different Data Types
7h3rm_2_3,7h3rm,Apply a digital filter (direct form II transposed),python,0.9987495,Mathematics,Signal Processing,T2,Different Function Names
7h3rm_3_1,7h3rm,Apply a digital filter (direct form II transposed),python,0.98887336,Mathematics,Signal Processing,T3,Added Statements
7h3rm_3_2,7h3rm,Apply a digital filter (direct form II transposed),python,0.998615,Mathematics,Signal Processing,T3,Removed Statements
7h3rm_3_3,7h3rm,Apply a digital filter (direct form II transposed),python,0.9949,Mathematics,Signal Processing,T3,Reordered Statements
7h3rm_3_4,7h3rm,Apply a digital filter (direct form II transposed),python,0.99971294,Mathematics,Signal Processing,T3,Control Flow Modifications
7h3rm_4_1,7h3rm,Apply a digital filter (direct form II transposed),python,0.993281,Mathematics,Signal Processing,T4,Same Language
7h3rm_4_2,7h3rm,Apply a digital filter (direct form II transposed),go,0.9096663,Mathematics,Signal Processing,T4,Different Language
7h3rm_4_2,7h3rm,Apply a digital filter (direct form II transposed),java,0.95522726,Mathematics,Signal Processing,T4,Different Language
7h3rm_4_2,7h3rm,Apply a digital filter (direct form II transposed),ruby,0.972588,Mathematics,Signal Processing,T4,Different Language
onb81_1_1,onb81,Approximate equality,python,1.0000002,Mathematics,Numerical Methods,T1,Identical Clone
onb81_1_2,onb81,Approximate equality,python,0.93337154,Mathematics,Numerical Methods,T1,Different Whitespaces
onb81_1_3,onb81,Approximate equality,python,0.9502193,Mathematics,Numerical Methods,T1,Different Comments
onb81_1_4,onb81,Approximate equality,python,0.9319555,Mathematics,Numerical Methods,T1,Different Formatting
onb81_2_1,onb81,Approximate equality,python,0.9336861,Mathematics,Numerical Methods,T2,Different Variable Names
onb81_2_2,onb81,Approximate equality,python,0.9266831,Mathematics,Numerical Methods,T2,Different Data Types
onb81_2_3,onb81,Approximate equality,python,0.99229574,Mathematics,Numerical Methods,T2,Different Function Names
onb81_3_1,onb81,Approximate equality,python,0.942135,Mathematics,Numerical Methods,T3,Added Statements
onb81_3_2,onb81,Approximate equality,python,0.94442934,Mathematics,Numerical Methods,T3,Removed Statements
onb81_3_3,onb81,Approximate equality,python,0.9395597,Mathematics,Numerical Methods,T3,Reordered Statements
onb81_3_4,onb81,Approximate equality,python,0.96643245,Mathematics,Numerical Methods,T3,Control Flow Modifications
onb81_4_1,onb81,Approximate equality,python,0.964668,Mathematics,Numerical Methods,T4,Same Language
onb81_4_2,onb81,Approximate equality,go,0.95268947,Mathematics,Numerical Methods,T4,Different Language
onb81_4_2,onb81,Approximate equality,java,0.9359342,Mathematics,Numerical Methods,T4,Different Language
onb81_4_2,onb81,Approximate equality,ruby,0.95249796,Mathematics,Numerical Methods,T4,Different Language
3jzc_1_1,3jzc,Arbitrary-precision integers (included),python,0.9999998,Mathematics,Arithmetic,T1,Identical Clone
3jzc_1_2,3jzc,Arbitrary-precision integers (included),python,0.9851316,Mathematics,Arithmetic,T1,Different Whitespaces
3jzc_1_3,3jzc,Arbitrary-precision integers (included),python,0.98789954,Mathematics,Arithmetic,T1,Different Comments
3jzc_1_4,3jzc,Arbitrary-precision integers (included),python,0.9982356,Mathematics,Arithmetic,T1,Different Formatting
3jzc_2_1,3jzc,Arbitrary-precision integers (included),python,0.9892084,Mathematics,Arithmetic,T2,Different Variable Names
3jzc_2_2,3jzc,Arbitrary-precision integers (included),python,0.9885696,Mathematics,Arithmetic,T2,Different Data Types
3jzc_2_3,3jzc,Arbitrary-precision integers (included),python,0.9889514,Mathematics,Arithmetic,T2,Different Function Names
3jzc_3_1,3jzc,Arbitrary-precision integers (included),python,0.99143493,Mathematics,Arithmetic,T3,Added Statements
3jzc_3_2,3jzc,Arbitrary-precision integers (included),python,0.98469245,Mathematics,Arithmetic,T3,Removed Statements
3jzc_3_3,3jzc,Arbitrary-precision integers (included),python,0.98789954,Mathematics,Arithmetic,T3,Reordered Statements
3jzc_3_4,3jzc,Arbitrary-precision integers (included),python,0.9856714,Mathematics,Arithmetic,T3,Control Flow Modifications
3jzc_4_1,3jzc,Arbitrary-precision integers (included),python,0.9839112,Mathematics,Arithmetic,T4,Same Language
3jzc_4_2,3jzc,Arbitrary-precision integers (included),go,0.9677012,Mathematics,Arithmetic,T4,Different Language
3jzc_4_2,3jzc,Arbitrary-precision integers (included),java,0.94735146,Mathematics,Arithmetic,T4,Different Language
3jzc_4_2,3jzc,Arbitrary-precision integers (included),javascript,0.986842,Mathematics,Arithmetic,T4,Different Language
3jzc_4_2,3jzc,Arbitrary-precision integers (included),php,0.97263217,Mathematics,Arithmetic,T4,Different Language
3jzc_4_2,3jzc,Arbitrary-precision integers (included),ruby,0.9652307,Mathematics,Arithmetic,T4,Different Language
o781_1_1,o781,Archimedean spiral,python,1.0000001,Mathematics,Geometry,T1,Identical Clone
o781_1_2,o781,Archimedean spiral,python,0.9869706,Mathematics,Geometry,T1,Different Whitespaces
o781_1_3,o781,Archimedean spiral,python,1.0000001,Mathematics,Geometry,T1,Different Comments
o781_1_4,o781,Archimedean spiral,python,0.99630237,Mathematics,Geometry,T1,Different Formatting
o781_2_1,o781,Archimedean spiral,python,0.996307,Mathematics,Geometry,T2,Different Variable Names
o781_2_2,o781,Archimedean spiral,python,0.9996473,Mathematics,Geometry,T2,Different Data Types
o781_2_3,o781,Archimedean spiral,python,0.99625635,Mathematics,Geometry,T2,Different Function Names
o781_3_1,o781,Archimedean spiral,python,0.9920334,Mathematics,Geometry,T3,Added Statements
o781_3_2,o781,Archimedean spiral,python,0.9918139,Mathematics,Geometry,T3,Removed Statements
o781_3_3,o781,Archimedean spiral,python,0.99975884,Mathematics,Geometry,T3,Reordered Statements
o781_3_4,o781,Archimedean spiral,python,0.9975404,Mathematics,Geometry,T3,Control Flow Modifications
o781_4_1,o781,Archimedean spiral,python,0.9917536,Mathematics,Geometry,T4,Same Language
o781_4_2,o781,Archimedean spiral,go,0.94734937,Mathematics,Geometry,T4,Different Language
o781_4_2,o781,Archimedean spiral,java,0.92515796,Mathematics,Geometry,T4,Different Language
o781_4_2,o781,Archimedean spiral,javascript,0.969392,Mathematics,Geometry,T4,Different Language
o781_4_2,o781,Archimedean spiral,ruby,0.97446644,Mathematics,Geometry,T4,Different Language
